File,Line,Status,Version,Context
./AGENTS.md,98,STALE_OR_DEP,0.9.4,"Ligges archived morie 0.9.4 and asked us to wait. Same applies"
./AGENTS.md,105,STALE_OR_DEP,0.9.4,"touch `R_user_dir()` only on explicit user opt-in. morie 0.9.4"
./AGENTS.md,138,STALE_OR_DEP,0.9.5,"- DESCRIPTION: `Version: 0.9.5.x`"
./BRANCH_PLAN.md,83,STALE_OR_DEP,4.6.1,"(L14; R 4.6.1; 2026-07-15): n=1k 1.7x faster; n=10k 0.4x; n=100k 0.7x"
./BRANCH_PLAN.md,161,STALE_OR_DEP,4.6.1,"**Benchmark** (L14; R 4.6.1; 2026-07-15): exact 0.36s vs MatchIt 0.37s"
./BRANCH_PLAN.md,197,STALE_OR_DEP,4.6.1,"**Benchmark** (L14; R 4.6.1; 2026-07-15): 1k 0.045s vs 0.62s (13.8x"
./BRANCH_PLAN.md,233,STALE_OR_DEP,4.6.1,"**Benchmark** (L14; R 4.6.1; 2026-07-15; pop 20 x 8 generations):"
./CITATION.cff,1,STALE_OR_DEP,1.2.0,"cff-version: 1.2.0"
./CITATION.cff,11,CURRENT,1.1.7,"version: 1.1.7"
./DESCRIPTION,4,CURRENT,1.1.7,"Version: 1.1.7"
./DESCRIPTION,51,STALE_OR_DEP,8.0.0,"RoxygenNote: 8.0.0"
./DESCRIPTION,53,STALE_OR_DEP,4.3.0,"R (>= 4.3.0)"
./DESCRIPTION,54,STALE_OR_DEP,4.3.0,"Note: Tested on R 4.3.0; 4.4.x; 4.5.2; 4.5.3 (CRAN). Use CRAN R on Apple"
./DESCRIPTION,54,STALE_OR_DEP,4.3.0,"Note: Tested on R 4.3.0; 4.4.x; 4.5.2; 4.5.3 (CRAN). Use CRAN R on Apple"
./DESCRIPTION,54,STALE_OR_DEP,4.3.0,"Note: Tested on R 4.3.0; 4.4.x; 4.5.2; 4.5.3 (CRAN). Use CRAN R on Apple"
./DESCRIPTION,62,STALE_OR_DEP,0.3.8,"rmoriebricklayer (>= 0.3.8);"
./DESCRIPTION,63,STALE_OR_DEP,0.2.5,"rmoriedata (>= 0.2.5)"
./DESCRIPTION,200,STALE_OR_DEP,3.0.0,"testthat (>= 3.0.0);"
./Dockerfile,19,STALE_OR_DEP,4.6.1,"FROM rocker/r-ver:4.6.1 AS builder"
./Dockerfile,82,STALE_OR_DEP,4.6.1,"FROM rocker/r-ver:4.6.1 AS runtime"
./NEWS.md,1,CURRENT,1.1.7,"# rmorie 1.1.7 (development; feat/native-specializations)"
./NEWS.md,63,STALE_OR_DEP,0.3.8,"rmoriebricklayer: rmoriebricklayer 0.3.8 hashes with its compiled"
./NEWS.md,99,STALE_OR_DEP,1.1.6,"# rmorie 1.1.6 - 2026-07-22"
./NEWS.md,101,STALE_OR_DEP,1.1.6,"## Patch release: 07-22 hardening + CRAN prep (lockstep with morie 1.1.6)"
./NEWS.md,120,STALE_OR_DEP,1.1.4,"# rmorie 1.1.4 (development; feat/native-specializations)"
./NEWS.md,215,STALE_OR_DEP,1.1.4,"* Version locked in step with morie 1.1.4."
./NEWS.md,217,STALE_OR_DEP,1.1.3,"# rmorie 1.1.3 - 2026-07-15"
./NEWS.md,227,STALE_OR_DEP,1.1.3,"* Version locked in step with morie 1.1.3."
./NEWS.md,229,STALE_OR_DEP,1.1.2,"# rmorie 1.1.2"
./NEWS.md,264,STALE_OR_DEP,1.1.0,"# rmorie 1.1.0"
./NEWS.md,275,STALE_OR_DEP,1.0.5,"* No R code changes since 1.0.5; version locked with morie 1.1.0."
./NEWS.md,275,STALE_OR_DEP,1.0.5,"* No R code changes since 1.0.5; version locked with morie 1.1.0."
./NEWS.md,277,STALE_OR_DEP,1.0.5,"# rmorie 1.0.5"
./NEWS.md,302,STALE_OR_DEP,1.0.4,"# rmorie 1.0.4"
./NEWS.md,317,STALE_OR_DEP,1.0.3,"# rmorie 1.0.3"
./NEWS.md,322,STALE_OR_DEP,1.0.3,"* Version-locked with morie 1.0.3."
./NEWS.md,324,STALE_OR_DEP,1.0.2,"# rmorie 1.0.2"
./NEWS.md,329,STALE_OR_DEP,1.70.0,"introduced by {future} 1.70.0."
./NEWS.md,333,STALE_OR_DEP,1.0.1,"# rmorie 1.0.1"
./NEWS.md,343,STALE_OR_DEP,1.0.0,"# rmorie 1.0.0"
./NEWS.md,345,STALE_OR_DEP,1.0.0,"* Version 1.0.0 (first alpha); version-locked with morie 1.0.0."
./NEWS.md,345,STALE_OR_DEP,1.0.0,"* Version 1.0.0 (first alpha); version-locked with morie 1.0.0."
./NEWS.md,350,STALE_OR_DEP,0.9.9,"# rmorie 0.9.9"
./NEWS.md,352,STALE_OR_DEP,0.9.9,"* Version 0.9.9 (version-locked with morie 0.9.9)."
./NEWS.md,352,STALE_OR_DEP,0.9.9,"* Version 0.9.9 (version-locked with morie 0.9.9)."
./NEWS.md,355,STALE_OR_DEP,0.9.8,"# rmorie 0.9.8"
./NEWS.md,358,STALE_OR_DEP,0.9.8,"* Version 0.9.8 to match the morie family; source/UA URLs -> github.com/rootcoder007."
./NEWS.md,360,STALE_OR_DEP,0.9.6,"# rmorie 0.9.6 (in development)"
./NEWS.md,368,STALE_OR_DEP,0.9.5.7,"* `NEWS.md`: removed Zenodo DOI references from the historical 0.9.5.7 changelog entry."
./NEWS.md,452,STALE_OR_DEP,0.9.5.12,"already listed in 0.9.5.12."
./NEWS.md,836,STALE_OR_DEP,0.9.5.12,"base-R by design (fwildclusterboot is GitHub-only; see 0.9.5.12"
./NEWS.md,931,STALE_OR_DEP,0.9.5.12,"# rmorie 0.9.5.12 - 2026-05-25"
./NEWS.md,952,STALE_OR_DEP,0.9.5.11,"# morie 0.9.5.11 - 2026-05-25"
./NEWS.md,965,STALE_OR_DEP,0.9.5.10,"# morie 0.9.5.10 - 2026-05-25"
./NEWS.md,1009,STALE_OR_DEP,0.9.5.9,"# morie 0.9.5.9 - 2026-05-24"
./NEWS.md,1048,STALE_OR_DEP,0.9.5.8,"# morie 0.9.5.8 - 2026-05-24"
./NEWS.md,1106,STALE_OR_DEP,0.9.5.7,"# morie 0.9.5.7 - 2026-05-24"
./NEWS.md,1208,STALE_OR_DEP,0.9.5.6,"# morie 0.9.5.6 - 2026-05-23"
./NEWS.md,1249,STALE_OR_DEP,0.9.5.6,"Earlier from 2026-05-22 marathon (already in 0.9.5.6 in tree):"
./NEWS.md,1262,STALE_OR_DEP,0.9.5.6,"# morie 0.9.5.6 - 2026-05-22"
./NEWS.md,1265,STALE_OR_DEP,0.9.5.4,"of the two parity gaps named in v0.9.5.4: the pedagogical"
./NEWS.md,1304,STALE_OR_DEP,1.0.0,"McEliece; ECC; hybrid PQC) is planned for v1.0.0. Calling into"
./NEWS.md,1305,STALE_OR_DEP,0.9.5.5,"the Python side via `reticulate` is not added in v0.9.5.5; the"
./NEWS.md,1307,STALE_OR_DEP,1.0.0,"arc and the natural place for a v1.0.0 milestone."
./NEWS.md,1309,STALE_OR_DEP,0.9.5.4,"# morie 0.9.5.4 - 2026-05-21"
./NEWS.md,1334,STALE_OR_DEP,0.9.5,"renamed in v0.9.5 (vignette `chi-square-and-anova.Rmd`)."
./NEWS.md,1336,STALE_OR_DEP,0.9.5.4,"# morie 0.9.5.4 - 2026-05-21"
./NEWS.md,1338,STALE_OR_DEP,0.9.5.2,"Patch release over 0.9.5.2."
./NEWS.md,1341,STALE_OR_DEP,0.9.5.2,"in 0.9.5.2's `test-cov-fallbacks.R` used `pkgload::dev_packages()`"
./NEWS.md,1346,STALE_OR_DEP,0.9.5.2,"0.9.5.2."
./NEWS.md,1347,STALE_OR_DEP,0.9.5.2,"* 0.9.5.2 has been yanked from PyPI as a consequence of the above"
./NEWS.md,1350,STALE_OR_DEP,0.9.5.4,"# morie 0.9.5.4 - 2026-05-21"
./NEWS.md,1359,STALE_OR_DEP,0.9.5.1,"* All other fixes are inherited from 0.9.5.1: see entry below."
./NEWS.md,1361,STALE_OR_DEP,0.9.5.1,"# morie 0.9.5.1 - 2026-05-21"
./NEWS.md,1363,STALE_OR_DEP,0.9.5,"CRAN Policy: full cache-leak fix (supersedes 0.9.5 which was"
./NEWS.md,1369,STALE_OR_DEP,0.9.5,"for `morie_fetch_siu()` and `morie_fetch_tps()` in 0.9.5. Now"
./NEWS.md,1395,STALE_OR_DEP,0.9.5,"# morie 0.9.5 — 2026-05-21"
./NEWS.md,1397,STALE_OR_DEP,0.9.5,"Documentation + CI hardening (added 2026-05-21 to the v0.9.5"
./NEWS.md,1415,STALE_OR_DEP,0.9.5,"* **README rewrite** (top-level + R-package) to reflect v0.9.5"
./NEWS.md,1536,STALE_OR_DEP,0.9.5,"maintainer-confirmed table (starts empty in v0.9.5; populated by"
./NEWS.md,1674,STALE_OR_DEP,0.9.4,"# morie 0.9.4 — 2026-05-18"
./NEWS.md,1686,STALE_OR_DEP,0.9.3,"# morie 0.9.3 — 2026-05-17"
./NEWS.md,1690,STALE_OR_DEP,0.9.2,"* **Container build** — v0.9.2 missed copying `LICENSE` into the"
./NEWS.md,1700,STALE_OR_DEP,0.9.2,"# morie 0.9.2 — 2026-05-17"
./NEWS.md,1702,STALE_OR_DEP,0.9.1,"Fix: the Docker container build for the v0.9.1 C/C++ core."
./NEWS.md,1709,STALE_OR_DEP,0.9.1,"# morie 0.9.1 — 2026-05-17"
./NEWS.md,1726,STALE_OR_DEP,0.9.0,"# morie 0.9.0 — 2026-05-16"
./NEWS.md,1772,STALE_OR_DEP,0.8.0,"# morie 0.8.0 — 2026-05-16"
./NEWS.md,1808,STALE_OR_DEP,0.7.4,"# morie 0.7.4 — 2026-05-16"
./NEWS.md,1819,STALE_OR_DEP,0.9.5.6,"(`morie/0.9.5.6`–`morie/0.6.1`) and are now aligned to the release"
./NEWS.md,1819,STALE_OR_DEP,0.9.5.6,"(`morie/0.9.5.6`–`morie/0.6.1`) and are now aligned to the release"
./NEWS.md,1823,STALE_OR_DEP,0.7.3,"# morie 0.7.3 — 2026-05-15"
./NEWS.md,1836,STALE_OR_DEP,0.7.2,"# morie 0.7.2 — 2026-05-14"
./NEWS.md,1838,STALE_OR_DEP,0.7.1,"Documentation-only patch on top of 0.7.1. Supersedes the in-queue"
./NEWS.md,1839,STALE_OR_DEP,0.7.1,"0.7.1 submission for the rOpenSci pre-submission inquiry / next CRAN"
./NEWS.md,1843,STALE_OR_DEP,0.7.1,"from 19.9% in 0.7.1. ~50 user-facing exports got hand-written;"
./NEWS.md,1848,STALE_OR_DEP,0.7.1,"rOpenSci-readiness gap on 0.7.1."
./NEWS.md,1868,STALE_OR_DEP,0.7.1,"rebuilt after the OTIS-expansion + MRM-acronym fixes from 0.7.1."
./NEWS.md,1869,STALE_OR_DEP,0.7.1,"* No code or API changes vs 0.7.1."
./NEWS.md,1871,STALE_OR_DEP,0.7.1,"# morie 0.7.1 — 2026-05-14"
./NEWS.md,1873,STALE_OR_DEP,0.7.0,"# morie 0.7.0 — 2026-05-14"
./NEWS.md,1876,STALE_OR_DEP,0.7.3,"subsequently moved to `AGPL-3.0-or-later` in 0.7.3 — see that"
./NEWS.md,1889,STALE_OR_DEP,4.6.0,"* R 4.6.0 strict-`Author` compatibility: `DESCRIPTION` now carries"
./NEWS.md,1891,STALE_OR_DEP,4.6.0,"`R CMD check` passes on the 4.6.0 series."
./NEWS.md,1895,STALE_OR_DEP,0.9.5.6,"# morie 0.9.5.6 — 2026-05-11"
./NEWS.md,1899,STALE_OR_DEP,0.1.14,"`rmorie::mrm_classify_mandela()` (which had shipped in v0.1.14)."
./NEWS.md,1900,STALE_OR_DEP,0.2.0,"All 25 v0.2.0-era callables now exist on both language sides."
./NEWS.md,1901,STALE_OR_DEP,0.1.15,"* Version bumped from 0.1.15 to 0.2.0 to mark the cumulative"
./NEWS.md,1901,STALE_OR_DEP,0.1.15,"* Version bumped from 0.1.15 to 0.2.0 to mark the cumulative"
./NEWS.md,1903,STALE_OR_DEP,0.1.3,"v0.1.3:  12 mrm_* callables; ArcGIS REST + on-demand SIU"
./NEWS.md,1917,STALE_OR_DEP,0.1.15,"# morie 0.1.15 — 2026-05-11"
./NEWS.md,1953,STALE_OR_DEP,0.1.2,"# morie 0.1.2"
./NEWS.md,1964,STALE_OR_DEP,0.1.0,"# morie 0.1.0-4 (r-universe pre-CRAN)"
./R/Alfcrop.R,5,STALE_OR_DEP,1.2.8,"#' Supplement section 1.2.8 of Jumper et al. (2021); pp. 7-8.  Training"
./R/Alfcrop.R,26,STALE_OR_DEP,1.2.8,"#' @references Jumper et al (2021) Nature 596:583-589; Suppl. section 1.2.8"
./R/Alfdgram.R,5,STALE_OR_DEP,1.9.8,"#' Supplement section 1.9.8 of Jumper et al. (2021); p. 39.  The pair"
./R/Alfdgram.R,19,STALE_OR_DEP,1.9.8,"#' @references Jumper et al (2021) Nature 596:583-589; Suppl. section 1.9.8"
./R/Alfpae.R,5,STALE_OR_DEP,1.9.7,"#' Supplement section 1.9.7 of Jumper et al. (2021); p. 38.  The error in"
./R/Alfpae.R,20,STALE_OR_DEP,1.9.7,"#' @references Jumper et al (2021) Nature 596:583-589; Suppl. section 1.9.7"
./R/Alfviol.R,5,STALE_OR_DEP,1.9.11,"#' Supplement section 1.9.11; equations (44)-(47) of Jumper et al. (2021);"
./R/Basisexp.R,5,STALE_OR_DEP,2.6.1,"#' Learning; 2nd ed.; Springer; Sections 2.6.1 and 2.8.3; book pp. 30 and"
./R/Basisexp.R,5,STALE_OR_DEP,2.6.1,"#' Learning; 2nd ed.; Springer; Sections 2.6.1 and 2.8.3; book pp. 30 and"
./R/Gausslik.R,5,STALE_OR_DEP,2.6.3,"#' Learning; 2nd ed.; Springer; Section 2.6.3; book p. 31 (PDF p. 50):"
./R/Glpopt.R,24,STALE_OR_DEP,2.2.103,"#'   \doi{10.1287/moor.2.2.103}"
./R/Gpkern.R,24,STALE_OR_DEP,4.2.4,"#'   for Machine Learning; MIT Press; sect. 4.2.4."
./R/Gpkern.R,69,STALE_OR_DEP,4.2.4,"method = sum/product/warp composition of RBF kernels; Duvenaud et al. (2013); Rasmussen & Williams (2006) sect. 4.2.4)"
./R/Hmmprf.R,22,STALE_OR_DEP,14.9.755,"#'   \doi{10.1093/bioinformatics/14.9.755}; Krogh; Brown; Mian;"
./R/Hrzctrl.R,6,STALE_OR_DEP,5.5.2,"#' Econometrics; Section 5.5.2; pages 186-187.  The model is"
./R/Hrzphvnp.R,7,STALE_OR_DEP,6.3.4,"#' Econometrics; Section 6.3.4; pages 223-226; implementing Horowitz"
./R/Hrzphvnp.R,31,STALE_OR_DEP,6.3.1,"#' orientation to (6.61) in Section 6.3.1; each section is implemented"
./R/Hrzphvnp.R,74,STALE_OR_DEP,6.3.4,"#' 6.3.4 contradicts; all checked against pages 223-225:"
./R/Hrzplrq.R,6,STALE_OR_DEP,3.6.3,"#' Econometrics; Section 3.6.3; pages 90-91.  The model is"
./R/Hrzseriu.R,6,STALE_OR_DEP,5.4.2,"#' Econometrics; Section 5.4.2; pages 178-181; following Blundell;"
./R/Hrzseriu.R,7,STALE_OR_DEP,5.4.1,"#' Chen and Kristensen (2007).  Section 5.4.1 estimates the operator"
./R/Hrztiku.R,6,STALE_OR_DEP,5.4.1,"#' Econometrics; Section 5.4.1; pages 171-172.  For Y = g(X) + U with"
./R/Hrztmod.R,7,STALE_OR_DEP,6.3.1,"#' Econometrics; Section 6.3.1; pages 216-218.  The model is"
./R/Hrztmod.R,45,STALE_OR_DEP,2.6.1,"#' Section 2.6.1 with the scale normalisation |beta_1| = 1 (HT2(a));"
./R/Idealf.R,22,STALE_OR_DEP,2.4.3,"#' section 2.4.3; equations (2.6)-(2.8); p.27."
./R/Itr2dd.R,26,STALE_OR_DEP,31.2.3,"#'   \doi{10.1257/jep.31.2.3}; Sant'Anna and Zhao (2020); Journal of"
./R/Jackvar.R,19,STALE_OR_DEP,4.2.5,"#'   ed.; Springer; ch. 4; eq. (4.2.5)."
./R/Jackvar.R,49,STALE_OR_DEP,4.2.5,"method = v_J = ((R-1)/R) sum_r (theta_r - theta)^2; Wolter (2007) eq. (4.2.5))"
./R/Jntlmm.R,33,STALE_OR_DEP,1.4.465,"#'   1(4):465-480; \doi{10.1093/biostatistics/1.4.465}; Rizopoulos"
./R/Kpmsmp.R,22,STALE_OR_DEP,67.1.133,"#'   \doi{10.1093/biomet/67.1.133}"
./R/Krig.R,24,STALE_OR_DEP,58.8.1246,"#'   Geology 58(8):1246-1266; \doi{10.2113/gsecongeo.58.8.1246};"
./R/KrigCl.R,10,STALE_OR_DEP,58.8.1246,"#'   Geology 58(8):1246-1266; \doi{10.2113/gsecongeo.58.8.1246}."
./R/Krigsm.R,12,STALE_OR_DEP,58.8.1246,"#'   Geology 58(8):1246-1266; \doi{10.2113/gsecongeo.58.8.1246};"
./R/Lmpi.R,6,STALE_OR_DEP,8.2.6,"#' section 8.2.6; printed page 813; equations (8.36) and (8.37):"
./R/Logor.R,6,STALE_OR_DEP,8.4.4,"#' section 8.4.4; printed page 834; equation (8.63):"
./R/Lrresid.R,6,STALE_OR_DEP,8.4.5,"#' section 8.4.5 Residual Analysis; printed pages 837-838; equations"
./R/Nadwat.R,5,STALE_OR_DEP,2.8.2,"#' Learning; 2nd ed.; Springer; Section 2.8.2; book p. 35 (PDF p. 54):"
./R/Nnet1lay.R,5,STALE_OR_DEP,2.8.3,"#' Learning; 2nd ed.; Springer; Section 2.8.3; book p. 36 (PDF p. 55):"
./R/Olsfit.R,5,STALE_OR_DEP,2.3.1,"#' Learning; 2nd ed.; Springer; Chapter 2; Section 2.3.1; book pp. 11-12"
./R/Outmad.R,30,STALE_OR_DEP,2.5.2,"#' section 2.5.2; equation (2.14); p.33."
./R/Outms.R,22,STALE_OR_DEP,2.5.1,"#' section 2.5.1; equation (2.13); p.32."
./R/Pseudor2.R,6,STALE_OR_DEP,8.4.6,"#' section 8.4.6 Pseudo Coefficients of Determination; printed pages"
./R/Radj.R,6,STALE_OR_DEP,8.2.7,"#' section 8.2.7 Variable Selection Method; printed page 813;"
./R/Shfflm.R,40,STALE_OR_DEP,1.9781611975482.151,"#'   Theorem 7. \doi{10.1137/1.9781611975482.151}"
./R/Sigbasis.R,5,STALE_OR_DEP,2.6.1,"#' Learning; 2nd ed.; Springer; Section 2.6.1; book p. 30 (PDF p. 49):"
./R/Slope1.R,34,STALE_OR_DEP,1.9781611972757.43,"#'   \doi{10.1137/1.9781611972757.43}"
./R/Tldepl.R,15,STALE_OR_DEP,2.1.10,"#'   Dependence Concepts. Chapman and Hall; section 2.1.10."
./R/Tldepu.R,14,STALE_OR_DEP,2.1.10,"#'   Dependence Concepts. Chapman and Hall; section 2.1.10."
./R/aaa_counterfactual.R,5,STALE_OR_DEP,7.1.7,"# pp. 36-37 for the three-step procedure; Theorem 7.1.7 for the"
./R/aaa_dist_native.R,6,STALE_OR_DEP,7.1.14,"# small |x| and the Abramowitz & Stegun 7.1.14 continued fraction for the"
./R/aaa_helpers_fauzi.R,38,STALE_OR_DEP,5.3.2,"#' Sec. 5.3.2 says the same in words -- Azzalini (1981) recommended"
./R/aaa_helpers_hrz3.R,168,STALE_OR_DEP,2.6.1,"# Density-weighted average derivative; Horowitz Sec. 2.6.1:"
./R/aaa_helpers_hrz3.R,175,STALE_OR_DEP,2.6.1,"#' Density-weighted average derivative; Horowitz Sec. 2.6.1:"
./R/aaa_icrf.R,7,STALE_OR_DEP,17.4.5,"# Theories of Mental Test Scores; chs. 17-20; eq. (17.4.5):"
./R/aaa_pacfp.R,13,STALE_OR_DEP,3.2.6,"# Box; Jenkins; Reinsel & Ljung (2015) sec. 3.2.6; Durbin (1960);"
./R/aaa_rangayyan_adapt.R,546,STALE_OR_DEP,3.10.1,"#' Section 3.10.1: the primary input is x = v + m.  The method needs the"
./R/aaa_rangayyan_adapt.R,558,STALE_OR_DEP,3.10.1,"# Section 3.10.1: the primary input is x = v + m.  The method needs the"
./R/aaa_rangayyan_adapt.R,583,STALE_OR_DEP,3.10.1,"method = Rangayyan (2024) Section 3.10.1"
./R/aaa_rangayyan_adapt.R,856,STALE_OR_DEP,3.10.2,"# Section 3.10.2: run the canceller; eqs. (3.195)-(3.196); (3.203)."
./R/aaa_rangayyan_adapt.R,909,STALE_OR_DEP,3.10.2,"method = Rangayyan (2024) Section 3.10.2; eq. (3.203)"
./R/aaa_rangayyan_adapt.R,1082,STALE_OR_DEP,3.10.3,"#' Section 3.10.3; eqs. (3.215); (3.221); (3.224)-(3.225).  P is"
./R/aaa_rangayyan_adapt.R,1100,STALE_OR_DEP,3.10.3,"# Section 3.10.3; eqs. (3.215); (3.221); (3.224)-(3.225).  P is"
./R/aaa_rangayyan_adapt.R,1158,STALE_OR_DEP,3.10.3,"Rangayyan (2024) Section 3.10.3; eqs. (3.215);;"
./R/aaa_rangayyan_adapt.R,1164,STALE_OR_DEP,8.6.2,"#' Section 8.6.2.  Every stage is itself a predictor; so one run gives"
./R/aaa_rangayyan_adapt.R,1180,STALE_OR_DEP,8.6.2,"# Section 8.6.2.  Every stage is itself a predictor; so one run gives"
./R/aaa_rangayyan_adapt.R,1255,STALE_OR_DEP,8.6.1,"# Section 8.6.1: watch the RLS error power and mark a boundary where it"
./R/aaa_rangayyan_adapt.R,1440,STALE_OR_DEP,8.5.1,"#' Section 8.5.1; the spectral error measure: the mean squared"
./R/aaa_rangayyan_adapt.R,1454,STALE_OR_DEP,8.5.1,"# Section 8.5.1; the spectral error measure: the mean squared difference"
./R/aaa_rangayyan_adapt.R,1480,STALE_OR_DEP,8.5.2,"#' Section 8.5.2; eqs. (8.27)-(8.29); after Michael and Houchin"
./R/aaa_rangayyan_adapt.R,1497,STALE_OR_DEP,8.5.2,"# Section 8.5.2; eqs. (8.27)-(8.29); after Michael and Houchin."
./R/aaa_rangayyan_ar.R,2,STALE_OR_DEP,3.4.3,"# PSD; order selection; and the pole-zero forms of Section 3.4.3."
./R/aaa_rangayyan_ar.R,231,STALE_OR_DEP,7.5.2,"Akaike (1970) FPE; Rangayyan (2024) Section 7.5.2;"
./R/aaa_rangayyan_ar.R,267,STALE_OR_DEP,7.5.2,"Rissanen (1978) MDL; Rangayyan (2024) Section 7.5.2;"
./R/aaa_rangayyan_ccf.R,135,STALE_OR_DEP,8.5.3,"# Section 8.5.3.  On a boundary the reference window RESTARTS; without"
./R/aaa_rangayyan_ccf.R,207,STALE_OR_DEP,8.5.3,"method = Rangayyan (2024) Section 8.5.3 (GLR adaptive segmentation)"
./R/aaa_rangayyan_cep.R,628,STALE_OR_DEP,4.7.3,"#' Section 4.7.3: the vocal tract lives at LOW quefrency; the glottal"
./R/aaa_rangayyan_cep.R,643,STALE_OR_DEP,4.7.3,"# Section 4.7.3: the vocal tract lives at LOW quefrency; the glottal"
./R/aaa_rangayyan_cep.R,671,STALE_OR_DEP,4.7.3,"method = Rangayyan (2024) Section 4.7.3 (cepstral liftering)"
./R/aaa_rangayyan_cep.R,675,STALE_OR_DEP,4.7.1,"#' Section 4.7.1; Figure 4.23: log -> linear filter -> exp.  The signal"
./R/aaa_rangayyan_cep.R,688,STALE_OR_DEP,4.7.1,"# Section 4.7.1; Figure 4.23: log -> linear filter -> exp.  The signal"
./R/aaa_rangayyan_cep.R,713,STALE_OR_DEP,4.7.1,"method = Rangayyan (2024) Section 4.7.1; eqs. (4.58)-(4.60)"
./R/aaa_rangayyan_cep.R,717,STALE_OR_DEP,4.7.2,"#' Section 4.7.2: DFT -> complex log -> IDFT -> lifter -> DFT -> exp ->"
./R/aaa_rangayyan_cep.R,730,STALE_OR_DEP,4.7.2,"# Section 4.7.2: DFT -> complex log -> IDFT -> lifter -> DFT -> exp ->"
./R/aaa_rangayyan_cep.R,751,STALE_OR_DEP,4.7.2,"method = Rangayyan (2024) Section 4.7.2; eqs. (4.61)-(4.66)"
./R/aaa_rangayyan_cep.R,755,STALE_OR_DEP,4.7.3,"#' Section 4.7.3.  The two lifters must PARTITION the quefrency axis"
./R/aaa_rangayyan_cep.R,770,STALE_OR_DEP,4.7.3,"# Section 4.7.3.  The two lifters must PARTITION the quefrency axis"
./R/aaa_rangayyan_cep.R,798,STALE_OR_DEP,4.7.3,"method = Rangayyan (2024) Section 4.7.3"
./R/aaa_rangayyan_cep.R,821,STALE_OR_DEP,4.7.3,"# Section 4.7.3: the vocal tract contributes only below the pitch"
./R/aaa_rangayyan_cep.R,857,STALE_OR_DEP,4.7.3,"Rangayyan (2024) Section 4.7.3 (vocal-tract;"
./R/aaa_rangayyan_cep.R,863,STALE_OR_DEP,4.7.2,"#' Section 4.7.2; after eq (4.73): a minimum-phase signal has a CAUSAL"
./R/aaa_rangayyan_cep.R,875,STALE_OR_DEP,4.7.2,"# Section 4.7.2; after eq (4.73): a minimum-phase signal has a CAUSAL"
./R/aaa_rangayyan_cep.R,907,STALE_OR_DEP,4.7.2,"Rangayyan (2024) Section 4.7.2 (minimum-phase;"
./R/aaa_rangayyan_class.R,506,STALE_OR_DEP,10.9.1,"#' Section 10.9.1.  The area the book calls A_z; by the trapezoidal"
./R/aaa_rangayyan_class.R,524,STALE_OR_DEP,10.9.1,"# Section 10.9.1.  The area the book calls A_z; by the trapezoidal"
./R/aaa_rangayyan_class.R,558,STALE_OR_DEP,10.9.1,"method = Rangayyan (2024) Section 10.9.1 (ROC; A_z)"
./R/aaa_rangayyan_class.R,562,STALE_OR_DEP,10.9.2,"#' Section 10.9.2; McNemar\'s test of SYMMETRY.  The book states it on a"
./R/aaa_rangayyan_class.R,578,STALE_OR_DEP,10.9.2,"# Section 10.9.2; McNemar's test of SYMMETRY.  The book states it on a"
./R/aaa_rangayyan_class.R,622,STALE_OR_DEP,10.9.2,"Rangayyan (2024) Section 10.9.2 (McNemar's test;"
./R/aaa_rangayyan_class.R,758,STALE_OR_DEP,10.10.1,"method = Rangayyan (2024) Section 10.10.1 (average divergence)"
./R/aaa_rangayyan_class.R,1167,STALE_OR_DEP,10.10.1,"#' Section 10.10.1: J = tr(S_B) / tr(S_W).  The trace ratio ignores the"
./R/aaa_rangayyan_class.R,1180,STALE_OR_DEP,10.10.1,"# Section 10.10.1: J = tr(S_B) / tr(S_W).  The trace ratio ignores the"
./R/aaa_rangayyan_class.R,1213,STALE_OR_DEP,10.10.1,"method = Rangayyan (2024) Section 10.10.1 (separability of features)"
./R/aaa_rangayyan_class.R,1217,STALE_OR_DEP,10.4.2,"#' Section 10.4.2: w = S_W^-1 (m1 - m2); the direction maximizing the"
./R/aaa_rangayyan_class.R,1231,STALE_OR_DEP,10.4.2,"# Section 10.4.2: w = S_W^-1 (m1 - m2); the direction maximizing the"
./R/aaa_rangayyan_class.R,1270,STALE_OR_DEP,10.4.2,"method = Rangayyan (2024) Section 10.4.2 (Fisher LDA)"
./R/aaa_rangayyan_class.R,1274,STALE_OR_DEP,10.4.3,"#' Section 10.4.3: D^2 = (x - mu)^T C^-1 (x - mu).  Distance in units of"
./R/aaa_rangayyan_class.R,1288,STALE_OR_DEP,10.4.3,"# Section 10.4.3: D^2 = (x - mu)^T C^-1 (x - mu).  Distance in units of"
./R/aaa_rangayyan_class.R,1308,STALE_OR_DEP,10.4.3,"method = Rangayyan (2024) Section 10.4.3 (distance functions)"
./R/aaa_rangayyan_class.R,1312,STALE_OR_DEP,10.4.1,"#' Section 10.4.1: d_i(x) = w_i^T x + w_i0; assign to the largest.  The"
./R/aaa_rangayyan_class.R,1326,STALE_OR_DEP,10.4.1,"# Section 10.4.1: d_i(x) = w_i^T x + w_i0; assign to the largest.  The"
./R/aaa_rangayyan_class.R,1346,STALE_OR_DEP,10.4.1,"Rangayyan (2024) Section 10.4.1 (discriminant and;"
./R/aaa_rangayyan_class.R,1352,STALE_OR_DEP,10.4.2,"#' Section 10.4.2 with a fitted cut.  The midpoint of the projected"
./R/aaa_rangayyan_class.R,1357,STALE_OR_DEP,10.10.3,"#' data that chose the cut -- so they are optimistic; Section 10.10.3 is"
./R/aaa_rangayyan_class.R,1369,STALE_OR_DEP,10.4.2,"# Section 10.4.2 with a fitted cut.  The midpoint of the projected"
./R/aaa_rangayyan_class.R,1373,STALE_OR_DEP,10.10.3,"# data that chose the cut -- so they are optimistic; Section 10.10.3 is"
./R/aaa_rangayyan_class.R,1399,STALE_OR_DEP,10.4.2,"method = Rangayyan (2024) Sections 10.4.2 and 10.10.3"
./R/aaa_rangayyan_class.R,1399,STALE_OR_DEP,10.4.2,"method = Rangayyan (2024) Sections 10.4.2 and 10.10.3"
./R/aaa_rangayyan_class.R,1403,STALE_OR_DEP,10.4.4,"#' Eq (10.29) and Section 10.4.4.  The book is explicit about why k > 1:"
./R/aaa_rangayyan_class.R,1422,STALE_OR_DEP,10.4.4,"# eq (10.29) and Section 10.4.4.  The book is explicit about why k > 1:"
./R/aaa_rangayyan_class.R,1474,STALE_OR_DEP,10.4.4,"method = Rangayyan (2024) eq. (10.29) and Section 10.4.4"
./R/aaa_rangayyan_class.R,1728,STALE_OR_DEP,10.5.1,"#' Section 10.5.1.  WCSS falls at every step; so the iteration always"
./R/aaa_rangayyan_class.R,1748,STALE_OR_DEP,10.5.1,"# Section 10.5.1.  WCSS falls at every step; so the iteration always"
./R/aaa_rangayyan_class.R,1806,STALE_OR_DEP,10.5.1,"method = Rangayyan (2024) Section 10.5.1 (cluster seeking)"
./R/aaa_rangayyan_class.R,1857,STALE_OR_DEP,10.5.1,"Rangayyan (2024) Section 10.5.1"
./R/aaa_rangayyan_class.R,1862,STALE_OR_DEP,10.5.1,"#' Section 10.5.1.  Single linkage CHAINS -- it will string distant"
./R/aaa_rangayyan_class.R,1879,STALE_OR_DEP,10.5.1,"# Section 10.5.1.  Single linkage CHAINS -- it will string distant"
./R/aaa_rangayyan_class.R,1947,STALE_OR_DEP,10.5.1,"method = Rangayyan (2024) Section 10.5.1 (cluster seeking)"
./R/aaa_rangayyan_class.R,1951,STALE_OR_DEP,10.10.3,"#' Section 10.10.3.  The book\'s point is that the training and test"
./R/aaa_rangayyan_class.R,1970,STALE_OR_DEP,10.10.3,"# Section 10.10.3.  The book's point is that the training and test"
./R/aaa_rangayyan_class.R,2029,STALE_OR_DEP,10.10.3,"method = Rangayyan (2024) Section 10.10.3 (training and test steps)"
./R/aaa_rangayyan_class.R,2079,STALE_OR_DEP,10.10.3,"method = Rangayyan (2024) Section 10.10.3 (leave-one-out)"
./R/aaa_rangayyan_class.R,2143,STALE_OR_DEP,10.4.5,"#' Section 10.4.5.  Only the patterns with a_i > 0 -- the SUPPORT"
./R/aaa_rangayyan_class.R,2163,STALE_OR_DEP,10.4.5,"# Section 10.4.5.  Only the patterns with a_i > 0 -- the SUPPORT"
./R/aaa_rangayyan_class.R,2194,STALE_OR_DEP,10.4.5,"method = Rangayyan (2024) Section 10.4.5 (support vector machine)"
./R/aaa_rangayyan_class.R,2222,STALE_OR_DEP,10.4.5,"# Section 10.4.5.  The dual depends on the data only through inner"
./R/aaa_rangayyan_class.R,2269,STALE_OR_DEP,10.4.5,"method = Rangayyan (2024) Section 10.4.5 (kernel SVM)"
./R/aaa_rangayyan_class2.R,912,STALE_OR_DEP,10.2.1,"#' Section 10.2.1.  Bundle-branch block desynchronises ventricular"
./R/aaa_rangayyan_class2.R,924,STALE_OR_DEP,10.2.1,"# Section 10.2.1.  Bundle-branch block desynchronises ventricular"
./R/aaa_rangayyan_class2.R,981,STALE_OR_DEP,10.2.1,"Section 10.2.1"
./R/aaa_rangayyan_class2.R,986,STALE_OR_DEP,10.11.2,"#' Section 10.11.2 with the normal-pattern Bayes classifier of 10.6.2"
./R/aaa_rangayyan_class2.R,986,STALE_OR_DEP,10.11.2,"#' Section 10.11.2 with the normal-pattern Bayes classifier of 10.6.2"
./R/aaa_rangayyan_class2.R,988,STALE_OR_DEP,10.11.1,"#' The linear rule of 10.11.1 commits to a hard boundary; the Bayes rule"
./R/aaa_rangayyan_class2.R,1001,STALE_OR_DEP,10.11.2,"# Section 10.11.2 with the normal-pattern Bayes classifier of 10.6.2."
./R/aaa_rangayyan_class2.R,1001,STALE_OR_DEP,10.11.2,"# Section 10.11.2 with the normal-pattern Bayes classifier of 10.6.2."
./R/aaa_rangayyan_class2.R,1002,STALE_OR_DEP,10.11.1,"# The linear rule of 10.11.1 commits to a hard boundary; the Bayes rule"
./R/aaa_rangayyan_class2.R,1105,STALE_OR_DEP,10.11.2,"ed. Section 10.11.2 with the normal-pattern ;"
./R/aaa_rangayyan_class2.R,1106,STALE_OR_DEP,10.6.2,"classifier of Section 10.6.2"
./R/aaa_rangayyan_class2.R,1185,STALE_OR_DEP,9.12.1,"# Section 9.12.1 in full: a BCI runs under hardware complexity limits and"
./R/aaa_rangayyan_class2.R,1200,STALE_OR_DEP,9.12.1,"Section 9.12.1; eqs. (9.94)-(9.96)"
./R/aaa_rangayyan_class2.R,1291,STALE_OR_DEP,10.4.1,"#' Prototype discriminant of 10.4.1; partitioning of 10.10.3; scored by"
./R/aaa_rangayyan_class2.R,1291,STALE_OR_DEP,10.4.1,"#' Prototype discriminant of 10.4.1; partitioning of 10.10.3; scored by"
./R/aaa_rangayyan_class2.R,1305,STALE_OR_DEP,10.4.1,"# Prototype discriminant of 10.4.1; partitioning of 10.10.3; scored by"
./R/aaa_rangayyan_class2.R,1305,STALE_OR_DEP,10.4.1,"# Prototype discriminant of 10.4.1; partitioning of 10.10.3; scored by"
./R/aaa_rangayyan_class2.R,1376,STALE_OR_DEP,10.4.1,"ed. Sections 10.4.1 and 10.10.3; scored by ;"
./R/aaa_rangayyan_class2.R,1376,STALE_OR_DEP,10.4.1,"ed. Sections 10.4.1 and 10.10.3; scored by ;"
./R/aaa_rangayyan_class2.R,1382,STALE_OR_DEP,10.8.2,"#' Section 10.8.2 names CNNs as the common deep model but gives no layer"
./R/aaa_rangayyan_class2.R,1397,STALE_OR_DEP,10.8.2,"# Section 10.8.2 names CNNs as the common deep model but gives no layer"
./R/aaa_rangayyan_class2.R,1462,STALE_OR_DEP,10.8.2,"Section 10.8.2; which gives no equations for these ;"
./R/aaa_rangayyan_class2.R,1579,STALE_OR_DEP,10.11.1,"#' Section 10.11.1; eq (10.131).  A PVC has both a shorter preceding RR"
./R/aaa_rangayyan_class2.R,1592,STALE_OR_DEP,10.11.1,"# Section 10.11.1; eq (10.131).  A PVC has both a shorter preceding RR"
./R/aaa_rangayyan_class2.R,1642,STALE_OR_DEP,10.11.1,"Signal Analysis 3rd ed. Section 10.11.1; ;"
./R/aaa_rangayyan_class2.R,1648,STALE_OR_DEP,1.2.6,"#' Band limits from Section 1.2.6; fractional power by eq (6.44) as used"
./R/aaa_rangayyan_class2.R,1650,STALE_OR_DEP,10.2.3,"#' in Section 10.2.3.  The clinical question -- is there an alpha rhythm"
./R/aaa_rangayyan_class2.R,1662,STALE_OR_DEP,1.2.6,"# Band limits from Section 1.2.6; fractional power by eq (6.44) as used"
./R/aaa_rangayyan_class2.R,1663,STALE_OR_DEP,10.2.3,"# in Section 10.2.3.  The clinical question -- is there an alpha rhythm"
./R/aaa_rangayyan_class2.R,1718,STALE_OR_DEP,1.2.6,"3rd ed. Section 1.2.6; fraction by eq. (6.44) as ;"
./R/aaa_rangayyan_class2.R,1719,STALE_OR_DEP,10.2.3,"used in Section 10.2.3"
./R/aaa_rangayyan_class2.R,1868,STALE_OR_DEP,9.7.2,"#' Section 9.7.2: model eq (9.43); unmixing eq (9.44).  PCA can only"
./R/aaa_rangayyan_class2.R,1887,STALE_OR_DEP,9.7.2,"# Section 9.7.2: model eq (9.43); unmixing eq (9.44).  PCA can only make"
./R/aaa_rangayyan_class2.R,1979,STALE_OR_DEP,9.7.2,"Biomedical Signal Analysis 3rd ed. Section 9.7.2; ;"
./R/aaa_rangayyan_class2.R,2003,STALE_OR_DEP,9.7.2,"# Section 9.7.2 with the kurtosis excess of eq (3.5).  Blinks; muscle and"
./R/aaa_rangayyan_class2.R,2046,STALE_OR_DEP,9.7.2,"Biomedical Signal Analysis 3rd ed. Section 9.7.2 ;"
./R/aaa_rangayyan_class2.R,2070,STALE_OR_DEP,9.7.2,"# NOT from Rangayyan: Section 9.7.2 gives only the generic gradient rule"
./R/aaa_rangayyan_class2.R,2436,STALE_OR_DEP,10.8.2,"# NOT from Rangayyan: Section 10.8.2 discusses deep learning in prose and"
./R/aaa_rangayyan_class2.R,2744,STALE_OR_DEP,9.7.3,"#' Section 9.7.3; eqs (9.46); (9.49)-(9.50) and (9.53)-(9.55).  PCA and"
./R/aaa_rangayyan_class2.R,2761,STALE_OR_DEP,9.7.3,"# Section 9.7.3; eqs (9.46); (9.49)-(9.50) and (9.53)-(9.55).  PCA and"
./R/aaa_rangayyan_class2.R,2790,STALE_OR_DEP,9.7.3,"ed. Section 9.7.3; eqs. (9.46); (9.49)-(9.50) and ;"
./R/aaa_rangayyan_class2.R,2813,STALE_OR_DEP,9.12.1,"# Section 9.12.1; eqs (9.94)-(9.96).  Channel relevance varies strongly"
./R/aaa_rangayyan_class2.R,2827,STALE_OR_DEP,9.12.1,"Signal Analysis 3rd ed. Section 9.12.1; ;"
./R/aaa_rangayyan_class2.R,2880,STALE_OR_DEP,9.7.1,"#' Section 9.7.1; eqs (9.37)-(9.41).  Multichannel recordings pick up"
./R/aaa_rangayyan_class2.R,2895,STALE_OR_DEP,9.7.1,"# Section 9.7.1; eqs (9.37)-(9.41).  Multichannel recordings pick up the"
./R/aaa_rangayyan_class2.R,2934,STALE_OR_DEP,9.7.1,"Section 9.7.1; eqs. (9.37)-(9.41)"
./R/aaa_rangayyan_class2.R,2939,STALE_OR_DEP,9.7.4,"#' Section 9.7.4.  The three decompositions answer different questions"
./R/aaa_rangayyan_class2.R,2954,STALE_OR_DEP,9.7.4,"# Section 9.7.4.  The three decompositions answer different questions of"
./R/aaa_rangayyan_class2.R,2994,STALE_OR_DEP,9.7.4,"Analysis 3rd ed. Section 9.7.4"
./R/aaa_rangayyan_class2.R,3018,STALE_OR_DEP,10.8.1,"# Section 10.8.1; eqs (10.86)-(10.87).  Cover's theorem: a set that is"
./R/aaa_rangayyan_class2.R,3116,STALE_OR_DEP,10.8.1,"Analysis 3rd ed. Section 10.8.1; ;"
./R/aaa_rangayyan_corr.R,900,STALE_OR_DEP,4.6.1,"method = Rangayyan (2024) Section 4.6.1; y(t) = K phi_x(t - t0)"
./R/aaa_rangayyan_corr.R,934,STALE_OR_DEP,4.6.2,"#' 4.6.2;"
./R/aaa_rangayyan_corr.R,945,STALE_OR_DEP,4.6.2,"# eq (4.55); the same expression as eq (4.48) restated in Section 4.6.2;"
./R/aaa_rangayyan_corr.R,957,STALE_OR_DEP,4.6.2,"#' Eq (4.56); identical to eq (4.49).  Section 4.6.2 adds that because h"
./R/aaa_rangayyan_corr.R,968,STALE_OR_DEP,4.6.2,"# eq (4.56); identical to eq (4.49).  Section 4.6.2 adds that because h"
./R/aaa_rangayyan_corr.R,1513,STALE_OR_DEP,4.5.3,"# Section 4.5.3: the coherence of eq (4.32) detects rhythms in COMMON"
./R/aaa_rangayyan_corr.R,1568,STALE_OR_DEP,4.5.3,"method = Rangayyan (2024) Section 4.5.3; eq. (4.32)"
./R/aaa_rangayyan_filt2.R,813,STALE_OR_DEP,3.3.3,"method = Rangayyan (2024) Section 3.3.3 (second derivative)"
./R/aaa_rangayyan_phys.R,271,STALE_OR_DEP,6.4.1,"#' Moments of a PSD treated as a density; Rangayyan (2024) Section 6.4.1"
./R/aaa_rangayyan_phys.R,284,STALE_OR_DEP,6.4.1,"# Moments of a PSD treated as a density; Rangayyan (2024) Section 6.4.1."
./R/aaa_rangayyan_phys.R,557,STALE_OR_DEP,1.2.2,"Rangayyan (2024) Section 1.2.2 is descriptive and;"
./R/aaa_rangayyan_phys.R,663,STALE_OR_DEP,7.8.1,"eq. (7.139); Section 7.8.1"
./R/aaa_rangayyan_phys.R,861,STALE_OR_DEP,7.8.1,"eq. (7.138); Section 7.8.1"
./R/aaa_rangayyan_phys.R,950,STALE_OR_DEP,7.8.3,"in Rangayyan (2024); named in Section 7.8.3"
./R/aaa_rangayyan_phys.R,1011,STALE_OR_DEP,7.8.1,"Rangayyan (2024) eq. (7.138); Section 7.8.1"
./R/aaa_rangayyan_phys.R,1018,STALE_OR_DEP,7.8.2,"#    field; Rangayyan (2024) eqs. (7.143)-(7.149); Section 7.8.2."
./R/aaa_rangayyan_phys.R,1021,STALE_OR_DEP,7.8.2,"#' field; Rangayyan (2024) eqs. (7.143)-(7.149); Section 7.8.2."
./R/aaa_rangayyan_phys.R,1179,STALE_OR_DEP,7.8.2,"Rangayyan (2024) eqs. (7.143)-(7.149); Section 7.8.2;;"
./R/aaa_rangayyan_phys.R,1245,STALE_OR_DEP,6.4.2,"Section 6.4.2"
./R/aaa_rangayyan_phys.R,1252,STALE_OR_DEP,7.7.2,"#    Rangayyan (2024) eqs. (7.135)-(7.136); Section 7.7.2."
./R/aaa_rangayyan_phys.R,1255,STALE_OR_DEP,7.7.2,"#' Rangayyan (2024) eqs. (7.135)-(7.136); Section 7.7.2."
./R/aaa_rangayyan_phys.R,1309,STALE_OR_DEP,7.7.2,"Section 7.7.2; after Wang et al. (1990) and Fredberg"
./R/aaa_rangayyan_phys.R,1508,STALE_OR_DEP,1.2.8,"Rangayyan (2024) Section 1.2.8 with the PSD measures of;"
./R/aaa_rangayyan_phys.R,1509,STALE_OR_DEP,6.4.1,"Section 6.4.1 and the band fraction of eq. (6.44)"
./R/aaa_rangayyan_phys.R,1595,STALE_OR_DEP,1.2.3,"measurement per Rangayyan (2024) Section 1.2.3;"
./R/aaa_rangayyan_phys.R,1727,STALE_OR_DEP,6.4.2,"banding of Binnie et al.; Section 6.4.2; the EEG bands;"
./R/aaa_rangayyan_phys.R,1728,STALE_OR_DEP,1.2.6,"of Section 1.2.6 and the form factor of eq. (5.26)"
./R/aaa_rangayyan_phys.R,1802,STALE_OR_DEP,1.2.7,"Rangayyan (2024) Section 1.2.7 (latency; duration and;"
./R/aaa_rangayyan_phys.R,1886,STALE_OR_DEP,9.12.2,"Rangayyan (2024); whose Section 9.12.2 covers NMF;"
./R/aaa_rangayyan_phys.R,1936,STALE_OR_DEP,6.4.1,"(6.38); (6.41); (6.44); Sections 6.4.1; 6.4.2 and 7.10"
./R/aaa_rangayyan_phys.R,1936,STALE_OR_DEP,6.4.1,"(6.38); (6.41); (6.44); Sections 6.4.1; 6.4.2 and 7.10"
./R/aaa_rangayyan_phys.R,2039,STALE_OR_DEP,3.10.1,"Sections 3.10.1; 3.10.2; 3.3.6 and 3.15;;"
./R/aaa_rangayyan_phys.R,2039,STALE_OR_DEP,3.10.1,"Sections 3.10.1; 3.10.2; 3.3.6 and 3.15;;"
./R/aaa_rangayyan_phys.R,2039,STALE_OR_DEP,3.10.1,"Sections 3.10.1; 3.10.2; 3.3.6 and 3.15;;"
./R/aaa_rangayyan_phys.R,2123,STALE_OR_DEP,1.2.4,"normal ranges from Rangayyan (2024) Section 1.2.4;"
./R/aaa_rangayyan_phys.R,2174,STALE_OR_DEP,6.2.2,"Rangayyan (2024) eq. (6.45); Sections 6.2.2 and 6.4.2;;"
./R/aaa_rangayyan_phys.R,2174,STALE_OR_DEP,6.2.2,"Rangayyan (2024) eq. (6.45); Sections 6.2.2 and 6.4.2;;"
./R/aaa_rangayyan_phys.R,2253,STALE_OR_DEP,1.2.16,"Rangayyan (2024) Section 1.2.16 with the PSD measures of;"
./R/aaa_rangayyan_phys.R,2254,STALE_OR_DEP,6.4.1,"Section 6.4.1 and the band fraction of eq. (6.44);"
./R/aaa_rangayyan_phys.R,2360,STALE_OR_DEP,1.2.6,"Section 1.2.6; band fractions of eq. (6.44) and the;"
./R/aaa_rangayyan_phys.R,2501,STALE_OR_DEP,10.2.4,"Rangayyan (2024) Section 10.2.4 with the band power;"
./R/aaa_rangayyan_phys.R,2502,STALE_OR_DEP,6.4.2,"fraction of eq. (6.44); Section 6.4.2"
./R/aaa_rangayyan_phys.R,2604,STALE_OR_DEP,2.4.1,"Rangayyan (2024) Section 2.4.1 (polysomnography) with;"
./R/aaa_rangayyan_phys.R,2605,STALE_OR_DEP,1.2.6,"the EEG bands of Section 1.2.6 and band fractions of;"
./R/aaa_rangayyan_phys.R,2761,STALE_OR_DEP,6.4.2,"Section 6.4.2"
./R/aaa_rangayyan_phys.R,2862,STALE_OR_DEP,2.4.1,"Rangayyan (2024) Sections 2.4.1 and 5.10 give the;"
./R/aaa_rangayyan_phys.R,2870,STALE_OR_DEP,7.7.1,"#    Rangayyan (2024) eqs. (7.122); (7.127); (7.128); (7.129); Section 7.7.1."
./R/aaa_rangayyan_phys.R,2874,STALE_OR_DEP,7.7.1,"#' 7.7.1."
./R/aaa_rangayyan_phys.R,2947,STALE_OR_DEP,7.7.1,"(7.129); Section 7.7.1; after Flanagan and Moussavi"
./R/aaa_rangayyan_phys.R,3062,STALE_OR_DEP,10.2.5,"Rangayyan (2024) Sections 10.2.5; 10.13 and 2.4;"
./R/aaa_rangayyan_phys.R,3144,STALE_OR_DEP,7.2.3,"Rangayyan (2024) Section 7.2.3 with all-pole;"
./R/aaa_rangayyan_phys.R,3228,STALE_OR_DEP,5.12.3,"Rangayyan (2024) Section 5.12.3 with eqs. (5.25);;"
./R/aaa_rangayyan_phys.R,3229,STALE_OR_DEP,5.6.4,"(5.26) and (5.31); Sections 5.6.4 and 3.2.1"
./R/aaa_rangayyan_phys.R,3229,STALE_OR_DEP,5.6.4,"(5.26) and (5.31); Sections 5.6.4 and 3.2.1"
./R/aaa_rangayyan_phys.R,3288,STALE_OR_DEP,5.12.3,"set of Section 5.12.3 and the linear discriminant of;"
./R/aaa_rangayyan_phys.R,3289,STALE_OR_DEP,10.4.1,"Section 10.4.1; coefficients are the caller's unless;"
./R/aaa_rangayyan_qrs.R,142,STALE_OR_DEP,4.3.2,"#' coefficients are integers tied to fs = 200 Hz (book; Section 4.3.2)"
./R/aaa_rangayyan_qrs.R,154,STALE_OR_DEP,4.3.2,"# coefficients are integers tied to fs = 200 Hz (book; Section 4.3.2) and"
./R/aaa_rangayyan_qrs.R,416,STALE_OR_DEP,4.3.5,"#' Lehner and Rangayyan; Section 4.3.5.  The noncausal least-squares"
./R/aaa_rangayyan_qrs.R,432,STALE_OR_DEP,4.3.5,"# Lehner and Rangayyan; Section 4.3.5.  The noncausal least-squares second"
./R/aaa_rangayyan_qrs.R,492,STALE_OR_DEP,4.3.5,"4.3.5; Eqs 4.22 and 4.23 (Lehner and Rangayyan)"
./R/aaa_rangayyan_qrs.R,498,STALE_OR_DEP,1.2.10,"#' Carotid pulse landmarks (Section 1.2.10) and the systolic time"
./R/aaa_rangayyan_qrs.R,514,STALE_OR_DEP,1.2.10,"# Carotid pulse landmarks (Section 1.2.10) and the systolic time intervals"
./R/aaa_rangayyan_qrs.R,564,STALE_OR_DEP,1.2.10,"Rangayyan (2024) Sections 1.2.10 and 4.9"
./R/aaa_rangayyan_qrs.R,570,STALE_OR_DEP,4.3.1,"#' Balda et al.; Section 4.3.1: y0 by eq (4.1); y1 by eq (4.2); combined"
./R/aaa_rangayyan_qrs.R,585,STALE_OR_DEP,4.3.1,"# Balda et al.; Section 4.3.1: y0 by eq (4.1); y1 by eq (4.2); combined as"
./R/aaa_rangayyan_qrs.R,636,STALE_OR_DEP,4.3.1,"Section 4.3.1; Eqs 4.1-4.3 with the 8-point MA of ;"
./R/aaa_rangayyan_qrs.R,643,STALE_OR_DEP,2.2.6,"#' Section 2.2.6 (EMG RMS and mean frequency rise with contraction)"
./R/aaa_rangayyan_qrs.R,646,STALE_OR_DEP,2.2.5,"#' Section 2.2.5 (rate rises with effort).  Both series are sampled on"
./R/aaa_rangayyan_qrs.R,657,STALE_OR_DEP,2.2.6,"# Section 2.2.6 (EMG RMS and mean frequency rise with contraction) meets"
./R/aaa_rangayyan_qrs.R,658,STALE_OR_DEP,2.2.5,"# Section 2.2.5 (rate rises with effort).  Both series are sampled on the"
./R/aaa_rangayyan_qrs.R,698,STALE_OR_DEP,2.2.5,"2.2.5 and 2.2.6"
./R/aaa_rangayyan_qrs.R,698,STALE_OR_DEP,2.2.5,"2.2.5 and 2.2.6"
./R/aaa_rangayyan_qrs.R,704,STALE_OR_DEP,1.2.4,"#' Section 1.2.4 waves and intervals.  Amplitudes are measured against"
./R/aaa_rangayyan_qrs.R,720,STALE_OR_DEP,1.2.4,"# Section 1.2.4 waves and intervals.  Amplitudes are measured against the"
./R/aaa_rangayyan_qrs.R,805,STALE_OR_DEP,1.2.4,"isoelectric reference; Rangayyan (2024) Section 1.2.4"
./R/aaa_rangayyan_qrs.R,829,STALE_OR_DEP,1.2.4,"# Sections 1.2.4 (ST deviation against the PQ reference) and 10.2.1 (the"
./R/aaa_rangayyan_qrs.R,829,STALE_OR_DEP,1.2.4,"# Sections 1.2.4 (ST deviation against the PQ reference) and 10.2.1 (the"
./R/aaa_rangayyan_qrs.R,866,STALE_OR_DEP,1.2.4,"block; Rangayyan (2024) Sections 1.2.4 and 10.2.1"
./R/aaa_rangayyan_qrs.R,866,STALE_OR_DEP,1.2.4,"block; Rangayyan (2024) Sections 1.2.4 and 10.2.1"
./R/aaa_rangayyan_qrs.R,875,STALE_OR_DEP,1.2.4,"#' of the segment that follows (Section 1.2.4).  The 0.1 mV threshold is"
./R/aaa_rangayyan_qrs.R,890,STALE_OR_DEP,1.2.4,"# of the segment that follows (Section 1.2.4).  The 0.1 mV threshold is the"
./R/aaa_rangayyan_qrs.R,939,STALE_OR_DEP,1.2.4,"reference; Rangayyan (2024) Section 1.2.4"
./R/aaa_rangayyan_qrs.R,1020,STALE_OR_DEP,2.2.5,"#' SDNN; RMSSD and pNN50.  Section 2.2.5 motivates these but does not"
./R/aaa_rangayyan_qrs.R,1031,STALE_OR_DEP,2.2.5,"# SDNN; RMSSD and pNN50.  Section 2.2.5 motivates these but does not define"
./R/aaa_rangayyan_qrs.R,1050,STALE_OR_DEP,2.2.5,"Rangayyan (2024) Section 2.2.5 motivates but does not ;"
./R/aaa_rangayyan_qrs.R,1100,STALE_OR_DEP,3.3.5,"#' Sections 3.3.5 and 9.7.2: the thoracic lead is the reference input of"
./R/aaa_rangayyan_qrs.R,1100,STALE_OR_DEP,3.3.5,"#' Sections 3.3.5 and 9.7.2: the thoracic lead is the reference input of"
./R/aaa_rangayyan_qrs.R,1115,STALE_OR_DEP,3.3.5,"# Sections 3.3.5 and 9.7.2: the thoracic lead is the reference input of an"
./R/aaa_rangayyan_qrs.R,1115,STALE_OR_DEP,3.3.5,"# Sections 3.3.5 and 9.7.2: the thoracic lead is the reference input of an"
./R/aaa_rangayyan_qrs.R,1154,STALE_OR_DEP,3.3.5,"thoracic reference; Rangayyan (2024) Sections 3.3.5 ;"
./R/aaa_rangayyan_qrs.R,1155,STALE_OR_DEP,9.7.2,"and 9.7.2 (normalised LMS)"
./R/aaa_rangayyan_qrs.R,1161,STALE_OR_DEP,1.2.11,"#' Section 1.2.11 characterises motion artifact but gives no detection"
./R/aaa_rangayyan_qrs.R,1175,STALE_OR_DEP,1.2.11,"# Section 1.2.11 characterises motion artifact but gives no detection"
./R/aaa_rangayyan_qrs.R,1241,STALE_OR_DEP,1.2.11,"Section 1.2.11 characterises the artifact but gives ;"
./R/aaa_rangayyan_qrs.R,1248,STALE_OR_DEP,4.3.2,"#' Pan-Tompkins; Section 4.3.2; eqs (4.8)-(4.18) plus search-back.  The"
./R/aaa_rangayyan_qrs.R,1261,STALE_OR_DEP,4.3.2,"# Pan-Tompkins; Section 4.3.2; eqs (4.8)-(4.18) plus search-back.  The"
./R/aaa_rangayyan_qrs.R,1359,STALE_OR_DEP,4.3.2,"4.3.2; Eqs 4.8-4.18; Pan and Tompkins; IEEE TBME ;"
./R/aaa_rangayyan_qrs.R,1484,STALE_OR_DEP,1.2.11,"#' Section 1.2.11.  The notch is located with the SAME machinery the"
./R/aaa_rangayyan_qrs.R,1487,STALE_OR_DEP,4.3.5,"#' gives for the carotid pulse in Section 4.3.5 (eqs 4.22; 4.23);"
./R/aaa_rangayyan_qrs.R,1500,STALE_OR_DEP,1.2.11,"# Section 1.2.11.  The notch is located with the SAME machinery the book"
./R/aaa_rangayyan_qrs.R,1501,STALE_OR_DEP,4.3.5,"# gives for the carotid pulse in Section 4.3.5 (eqs 4.22; 4.23); because"
./R/aaa_rangayyan_qrs.R,1539,STALE_OR_DEP,1.2.11,"operator; Rangayyan (2024) Sections 1.2.11 and 4.3.5 ;"
./R/aaa_rangayyan_qrs.R,1539,STALE_OR_DEP,1.2.11,"operator; Rangayyan (2024) Sections 1.2.11 and 4.3.5 ;"
./R/aaa_rangayyan_qrs.R,1546,STALE_OR_DEP,4.3.3,"#' Hengeveld and van Bemmel; Section 4.3.3.  The P wave is never"
./R/aaa_rangayyan_qrs.R,1562,STALE_OR_DEP,4.3.3,"# Hengeveld and van Bemmel; Section 4.3.3.  The P wave is never searched for"
./R/aaa_rangayyan_qrs.R,1650,STALE_OR_DEP,4.3.3,"P-wave detection; Rangayyan (2024) Section 4.3.3 ;"
./R/aaa_rangayyan_qrs.R,1657,STALE_OR_DEP,2.2.4,"#' Section 2.2.4 for the physiology; the estimator is Arunachalam and"
./R/aaa_rangayyan_qrs.R,1673,STALE_OR_DEP,2.2.4,"# Section 2.2.4 for the physiology; the estimator is Arunachalam and Brown;"
./R/aaa_rangayyan_qrs.R,1723,STALE_OR_DEP,2.2.4,"modulation; Rangayyan (2024) Section 2.2.4 for the ;"
./R/aaa_rangayyan_qrs.R,1731,STALE_OR_DEP,10.2.5,"#' Section 10.2.5 frames the problem and the AHI but gives NO detection"
./R/aaa_rangayyan_qrs.R,1747,STALE_OR_DEP,10.2.5,"# Section 10.2.5 frames the problem and the AHI but gives NO detection"
./R/aaa_rangayyan_qrs.R,1800,STALE_OR_DEP,10.2.5,"Section 10.2.5 frames the problem and the AHI but ;"
./R/aaa_rangayyan_qrs.R,1913,STALE_OR_DEP,4.3.4,"#' Gritzali et al.; Section 4.3.4.  The QRS is detected first; blanked"
./R/aaa_rangayyan_qrs.R,1928,STALE_OR_DEP,4.3.4,"# Gritzali et al.; Section 4.3.4.  The QRS is detected first; blanked to the"
./R/aaa_rangayyan_qrs.R,1987,STALE_OR_DEP,4.3.4,"Rangayyan (2024) Section 4.3.4; Eq 4.21 (Gritzali ;"
./R/aaa_rangayyan_qrs.R,1994,STALE_OR_DEP,1.2.4,"#' Sections 1.2.4 and 8.11 describe VF but give NO detector and NO"
./R/aaa_rangayyan_qrs.R,2013,STALE_OR_DEP,1.2.4,"# Sections 1.2.4 and 8.11 describe VF but give NO detector and NO"
./R/aaa_rangayyan_qrs.R,2070,STALE_OR_DEP,1.2.4,"concentration; Rangayyan (2024) Sections 1.2.4 and ;"
./R/aaa_rangayyan_sig.R,121,STALE_OR_DEP,4.7.3,"#' cepstrum needs (Section 4.7.3)."
./R/aaa_rangayyan_sig.R,131,STALE_OR_DEP,4.7.3,"# FFT cepstrum needs (Section 4.7.3)."
./R/aaa_rangayyan_sig2.R,6,STALE_OR_DEP,5.5.1,"# model (Section 5.5.1 uses the suppressed-carrier y = x cos(wc t); not"
./R/aaa_rangayyan_sig2.R,253,STALE_OR_DEP,5.5.1,"#' Section 5.5.1: y(t) = x(t) cos(wc t) -- double-sideband SUPPRESSED"
./R/aaa_rangayyan_sig2.R,270,STALE_OR_DEP,5.5.1,"# Section 5.5.1: y(t) = x(t) cos(wc t) -- double-sideband SUPPRESSED"
./R/aaa_rangayyan_sig2.R,293,STALE_OR_DEP,5.5.1,"method = Rangayyan (2024) Section 5.5.1"
./R/aaa_rangayyan_sig2.R,299,STALE_OR_DEP,5.5.1,"#' unlike AM in Section 5.5.1; so the standard definition is used and"
./R/aaa_rangayyan_sig2.R,315,STALE_OR_DEP,5.5.1,"# unlike AM in Section 5.5.1; so the standard definition is used and"
./R/aaa_rangayyan_stat.R,124,STALE_OR_DEP,5.6.3,"#' Section 5.6.3; Willison: a turn is a change of slope; counted only"
./R/aaa_rangayyan_stat.R,138,STALE_OR_DEP,5.6.3,"# Section 5.6.3; Willison: a turn is a change of slope; counted only"
./R/aaa_rangayyan_stat.R,150,STALE_OR_DEP,5.6.3,"method = Rangayyan (2024) Section 5.6.3"
./R/aaa_rangayyan_stat.R,167,STALE_OR_DEP,3.2.1,"#' Section 3.2.1 gives two definitions in one sentence; and they are not"
./R/aaa_rangayyan_stat.R,181,STALE_OR_DEP,3.2.1,"# Section 3.2.1 gives two definitions in one sentence; and they are not"
./R/aaa_rangayyan_stat.R,207,STALE_OR_DEP,3.2.1,"method = Rangayyan (2024) Section 3.2.1"
./R/aaa_rangayyan_stat.R,211,STALE_OR_DEP,3.2.1,"#' The power form of Section 3.2.1 applied to the residual against a"
./R/aaa_rangayyan_stat.R,223,STALE_OR_DEP,3.2.1,"# The power form of Section 3.2.1 applied to the residual against a"
./R/aaa_rangayyan_stat.R,239,STALE_OR_DEP,3.2.1,"n = length(cc); method = Rangayyan (2024) Section 3.2.1"
./R/aaa_rangayyan_stat.R,410,STALE_OR_DEP,6.6.2,"#' Sections 6.6.2-6.6.3: PSA is the book\'s preferred FD estimator for a"
./R/aaa_rangayyan_stat.R,410,STALE_OR_DEP,6.6.2,"#' Sections 6.6.2-6.6.3: PSA is the book\'s preferred FD estimator for a"
./R/aaa_rangayyan_stat.R,425,STALE_OR_DEP,6.6.2,"# Sections 6.6.2-6.6.3: PSA is the book's preferred FD estimator for a"
./R/aaa_rangayyan_stat.R,425,STALE_OR_DEP,6.6.2,"# Sections 6.6.2-6.6.3: PSA is the book's preferred FD estimator for a"
./R/aaa_rangayyan_stat.R,438,STALE_OR_DEP,6.6.2,"r$method <- Rangayyan (2024) Sections 6.6.2-6.6.3"
./R/aaa_rangayyan_stat.R,438,STALE_OR_DEP,6.6.2,"r$method <- Rangayyan (2024) Sections 6.6.2-6.6.3"
./R/aaa_rangayyan_stat.R,445,STALE_OR_DEP,5.13.2,"#' Rangayyan (2024) Section 5.13.2 covers the ruler; box-counting and"
./R/aaa_rangayyan_stat.R,457,STALE_OR_DEP,5.13.2,"# Rangayyan (2024) Section 5.13.2 covers the ruler; box-counting and"
./R/aaa_rangayyan_stat.R,478,STALE_OR_DEP,5.13.2,"Katz (1988); Rangayyan (2024) Section 5.13.2 covers;"
./R/aaa_rangayyan_stat.R,486,STALE_OR_DEP,6.4.4,"#' defines the spectral MOMENTS of Section 6.4.4 but prints no"
./R/aaa_rangayyan_stat.R,500,STALE_OR_DEP,6.4.4,"# defines the spectral MOMENTS of Section 6.4.4 but prints no"
./R/aaa_rangayyan_tf.R,149,STALE_OR_DEP,5.5.3,"# --- analytic signal; Sec 5.5.3 -------------------------------------------"
./R/aaa_rangayyan_tf.R,912,STALE_OR_DEP,5.5.1,"# -- Complex demodulation; Sec 5.5.1 eqs (5.16)-(5.19)."
./R/aaa_rangayyan_tf.R,913,STALE_OR_DEP,5.5.1,"#' Complex demodulation; Sec 5.5.1 eqs (5.16)-(5.19)"
./R/aaa_rangayyan_tf.R,982,STALE_OR_DEP,5.5.1,"Sec 5.5.1 eqs (5.16)-(5.19)"
./R/aaa_rangayyan_tf.R,1534,STALE_OR_DEP,9.4.1,"# -- Ensemble EMD; Sec 9.4.1 eq (9.13)."
./R/aaa_rangayyan_tf.R,1535,STALE_OR_DEP,9.4.1,"#' Ensemble EMD; Sec 9.4.1 eq (9.13)"
./R/aaa_rangayyan_tf.R,1604,STALE_OR_DEP,9.4.1,"Ensemble EMD; Rangayyan & Krishnan (2024) Sec 9.4.1;"
./R/aaa_rangayyan_tf.R,1714,STALE_OR_DEP,9.2.3,"# -- Odd/even T-wave alternans after EMD detrending; Sec 9.2.3 + Sec 9.4."
./R/aaa_rangayyan_tf.R,1715,STALE_OR_DEP,9.2.3,"#' Odd/even T-wave alternans after EMD detrending; Sec 9.2.3 + Sec 9.4"
./R/aaa_rangayyan_tf.R,1810,STALE_OR_DEP,9.2.3,"detrending; Rangayyan & Krishnan (2024) Sec 9.2.3 (TWA;"
./R/aaa_rangayyan_tf.R,2257,STALE_OR_DEP,5.5.3,"# -- ECG-triggered synchronised averaging of PCG envelopes; Sec 3.5 + 5.5.3."
./R/aaa_rangayyan_tf.R,2259,STALE_OR_DEP,5.5.3,"#' 5.5.3"
./R/aaa_rangayyan_tf.R,2357,STALE_OR_DEP,5.5.3,"Sec 5.5.3"
./R/aaa_rangayyan_tf.R,3145,STALE_OR_DEP,8.8.1,"order); Rangayyan & Krishnan (2024) Sec 8.8.1 and its;"
./R/aaa_rangayyan_xfrm.R,227,STALE_OR_DEP,3.4.4,"#' Eqs (3.75)-(3.76); the name Section 3.4.4 uses"
./R/aaa_rangayyan_xfrm.R,241,STALE_OR_DEP,3.4.4,"# eqs (3.75)-(3.76); the name Section 3.4.4 uses."
./R/aaa_schab_fit_shared.R,6,STALE_OR_DEP,4.5.1,"# Analysis; Sec. 4.5.1 (least squares) and Sec. 4.5.2 (likelihood)."
./R/aaa_schab_fit_shared.R,6,STALE_OR_DEP,4.5.1,"# Analysis; Sec. 4.5.1 (least squares) and Sec. 4.5.2 (likelihood)."
./R/aaa_schab_fit_shared.R,148,STALE_OR_DEP,4.5.1,"# algorithm; and Sec. 4.5.1 adds that the weights must be refreshed as"
./R/aaa_schab_fit_shared.R,196,STALE_OR_DEP,4.5.2,"#' A matrix K of error contrasts: full row rank; K X = 0. Sec. 4.5.2"
./R/aaa_schab_fit_shared.R,212,STALE_OR_DEP,4.5.2,"# A matrix K of error contrasts: full row rank; K X = 0. Sec. 4.5.2 builds"
./R/aaa_schab_glmm_shared.R,145,STALE_OR_DEP,6.3.4,"# --- Sec. 6.3.4; the conditional specification ----------------------------"
./R/aaa_schab_glmm_shared.R,233,STALE_OR_DEP,6.3.5,"# --- Sec. 6.3.5; pseudo-likelihood ----------------------------------------"
./R/aaa_schab_glmm_shared.R,275,STALE_OR_DEP,6.3.5.3,"#' Sigma^2 V^1/2 R V^1/2; on the DATA scale. Sec. 6.3.5.3 writes its"
./R/aaa_schab_glmm_shared.R,289,STALE_OR_DEP,6.3.5.3,"# sigma^2 V^1/2 R V^1/2; on the DATA scale. Sec. 6.3.5.3 writes its score"
./R/aaa_schab_glmm_shared.R,421,STALE_OR_DEP,6.3.5.2,"# The six-step algorithm of Sec. 6.3.5.2; verbatim."
./R/aaa_schab_glmm_shared.R,488,STALE_OR_DEP,6.3.5.3,"# Sec. 6.3.5.3 first-order conditions; with the DATA-scale covariance."
./R/aaa_schab_glmm_shared.R,505,STALE_OR_DEP,6.3.6,"# --- Sec. 6.3.6; prediction -----------------------------------------------"
./R/aaa_schab_gn_shared.R,5,STALE_OR_DEP,4.5.1,"# Schabenberger & Gotway (2005); Sec. 4.5.1 and Sec. 4.5.3. The book names"
./R/aaa_schab_gn_shared.R,5,STALE_OR_DEP,4.5.1,"# Schabenberger & Gotway (2005); Sec. 4.5.1 and Sec. 4.5.3. The book names"
./R/aaa_schab_gn_shared.R,17,STALE_OR_DEP,4.5.1,"# and for the weighted case; Sec. 4.5.1: an iterative re-weighting scheme is"
./R/aaa_schab_gn_shared.R,35,STALE_OR_DEP,4.3.6,"#' definition whatever the nugget (Sec. 4.3.6)."
./R/aaa_schab_gn_shared.R,50,STALE_OR_DEP,4.3.6,"# nugget (Sec. 4.3.6)."
./R/aaa_schab_gwr_shared.R,9,STALE_OR_DEP,6.1.3.1,"# Data Analysis; Sec. 6.1.3.1; pp. 316-317: the model (6.9); the weighted"
./R/aaa_schab_gwr_shared.R,13,STALE_OR_DEP,5.3.2,"# back to Sec. 5.3.2; pp. 240-241 (Epanechnikov and Gaussian density forms;"
./R/aaa_schab_gwr_shared.R,55,STALE_OR_DEP,2.3.2,"#   doi:10.1201/9781003435464. Sec 2.3.2 eqs (2.38)-(2.39) restate the SOC;"
./R/aaa_schab_gwr_shared.R,56,STALE_OR_DEP,2.3.3.2,"#   Sec 2.3.3.2 and Sec 6.3 require standardization before the"
./R/aaa_schab_gwr_shared.R,62,STALE_OR_DEP,5.3.2,"# no published number; and Sec. 5.3.2's density-form Gaussian; which differs"
./R/aaa_schab_gwr_shared.R,536,STALE_OR_DEP,2.3.3.2,"# Fotheringham; Oshan & Li (2024) Sec. 2.3.3.2: in order to effectively"
./R/aaa_schab_hermite_shared.R,4,STALE_OR_DEP,5.6.4,"# Schabenberger & Gotway (2005); Sec. 5.6.4."
./R/aaa_schab_reml_shared.R,5,STALE_OR_DEP,4.5.2,"# Schabenberger & Gotway (2005); Sec. 4.5.2 and Sec. 5.5.3. Three things come"
./R/aaa_schab_reml_shared.R,5,STALE_OR_DEP,4.5.2,"# Schabenberger & Gotway (2005); Sec. 4.5.2 and Sec. 5.5.3. Three things come"
./R/aaa_schab_reml_shared.R,8,STALE_OR_DEP,5.5.3,"# 1. The matrix of error contrasts K disappears. Sec. 5.5.3 quotes Searle et"
./R/aaa_schab_reml_shared.R,26,STALE_OR_DEP,5.5.2,"# 3. Sec. 5.5.2 names the optimiser: Newton-Raphson; Quasi-Newton; or some"
./R/aaa_schab_reml_shared.R,36,STALE_OR_DEP,5.5.2,"#' \[0; 1\] -- the reparameterisation Sec. 5.5.2 calls for."
./R/aaa_schab_reml_shared.R,47,STALE_OR_DEP,5.5.2,"# [0; 1] -- the reparameterisation Sec. 5.5.2 calls for."
./R/aaa_schab_rest_shared.R,12,STALE_OR_DEP,1.3.2,"#   Sec. 1.3.2 / Problem 1.8: the printed E_r[I^2] is missing a bracket; the"
./R/aaa_schab_rest_shared.R,16,STALE_OR_DEP,3.4.4,"#   Sec. 3.4.4 eq (3.9): w(s_k; u_l) is the proportion of the circumference"
./R/aaa_schab_rest_shared.R,20,STALE_OR_DEP,4.7.1,"#   Sec. 4.7.1 eq (4.57) carries 1/((2 pi)^2 r c); eq (4.59) -- periodogram"
./R/aaa_schab_rest_shared.R,24,STALE_OR_DEP,8.2.1,"#   Sec. 8.2.1 eq (8.1): theta1 > 0; theta2; theta3 >= 0 are necessary but"
./R/aaa_schab_rest_shared.R,26,STALE_OR_DEP,8.3.1,"#   examined. Sec. 8.3.1: local kriging keeps one global theta; Haas's"
./R/aaa_schab_rest_shared.R,546,STALE_OR_DEP,8.2.1,"if (theta1 <= 0) stop(theta1 must be positive (Sec. 8.2.1))"
./R/aaa_schab_rest_shared.R,548,STALE_OR_DEP,8.2.1,"stop(theta2 and theta3 must be non-negative (Sec. 8.2.1))"
./R/aaa_schab_rest_shared.R,576,STALE_OR_DEP,8.2.1,"sprintf(eigenvalue %.3e; eig); ). Sec. 8.2.1 notes that the ;"
./R/aaa_schab_rest_shared.R,829,STALE_OR_DEP,8.3.1,"spurious discontinuities (Sec. 8.3.1)"
./R/aaa_schab_sim_shared.R,10,STALE_OR_DEP,7.1.1,"#   Sec. 7.1.1  Cholesky (LU): Sigma = U'U with U upper triangular; and"
./R/aaa_schab_sim_shared.R,12,STALE_OR_DEP,7.1.2,"#   Sec. 7.1.2  Spectral: Sigma = P Delta P'; so Sigma^(1/2) = P Delta^(1/2) P'"
./R/aaa_schab_sim_shared.R,14,STALE_OR_DEP,7.2.2,"#   Sec. 7.2.2  Conditioning by kriging; eq (7.1):"
./R/aaa_schab_sim_shared.R,151,STALE_OR_DEP,7.2.2,"#' identity that closes Sec. 7.2.2."
./R/aaa_schab_sim_shared.R,159,STALE_OR_DEP,7.2.2,"# identity that closes Sec. 7.2.2."
./R/aaa_schab_st_shared.R,159,STALE_OR_DEP,9.3.1,"# --- Sec. 9.3.1; Gneiting's monotone construction --------------------------"
./R/aaa_schab_st_shared.R,229,STALE_OR_DEP,6.2.3,"#' Sec. 6.2.3 states the rule outright: on the boundary of the parameter"
./R/aaa_schab_st_shared.R,241,STALE_OR_DEP,6.2.3,"# Sec. 6.2.3 states the rule outright: on the boundary of the parameter"
./R/aaa_schab_st_shared.R,254,STALE_OR_DEP,9.3.3,"# --- Sec. 9.3.3; Ma's mixtures ---------------------------------------------"
./R/aaa_schab_st_shared.R,360,STALE_OR_DEP,9.3.4,"# --- Sec. 9.3.4; the differential equation approach ------------------------"
./R/aaa_schab_st_shared.R,977,STALE_OR_DEP,9.5.3,"# analogy Sec. 9.5.3 itself draws."
./R/aaa_sp_fill.R,8,STALE_OR_DEP,6.2.2.1,"# (6.35)-(6.38); and the rho bound in the prose of Sec. 6.2.2.1 p. 336."
./R/aaa_sp_fill.R,406,STALE_OR_DEP,1.4.2,"#' Sec. 1.4.2 and Chapter problem 1.14.  C(0) uses the 1/n divisor."
./R/aaa_sp_fill.R,419,STALE_OR_DEP,1.4.2,"# Sec. 1.4.2 and Chapter problem 1.14.  C(0) uses the 1/n divisor."
./R/aaa_sp_fill.R,478,STALE_OR_DEP,1.4.2,"Schabenberger & Gotway (2005) Sec. 1.4.2 and;"
./R/aaa_sp_fill.R,484,STALE_OR_DEP,1.3.3,"#' Eq (1.17); Sec. 1.3.3.  sum_i I(s_i) = w.. I is checked; not assumed:"
./R/aaa_sp_fill.R,494,STALE_OR_DEP,1.3.3,"# eq (1.17); Sec. 1.3.3.  sum_i I(s_i) = w.. I is checked; not assumed:"
./R/aaa_sp_fill.R,518,STALE_OR_DEP,1.3.3,"eq (1.17); Sec. 1.3.3; after Anselin (1995)"
./R/aaa_sp_fill.R,526,STALE_OR_DEP,1.3.1,"#' slope beta = M2 / sum sum W_ij^2 displayed in Sec. 1.3.1."
./R/aaa_sp_fill.R,538,STALE_OR_DEP,1.3.1,"# beta = M2 / sum sum W_ij^2 displayed in Sec. 1.3.1."
./R/aaa_sp_fill.R,572,STALE_OR_DEP,1.3.1,"(2005) eqs (1.4)-(1.5); Sec. 1.3.1; Mantel (1967)"
./R/aaa_sp_fill.R,577,STALE_OR_DEP,1.3.1,"#' Gaussian Z-test of Sec. 1.3.1 with U of eq (1.10).  The book states"
./R/aaa_sp_fill.R,591,STALE_OR_DEP,1.3.1,"# Gaussian Z-test of Sec. 1.3.1 with U of eq (1.10).  The book states"
./R/aaa_sp_fill.R,614,STALE_OR_DEP,1.3.1,"Sec. 1.3.1 needs U of eq (1.10) and is not;"
./R/aaa_sp_fill.R,639,STALE_OR_DEP,1.3.1,"Schabenberger & Gotway (2005) Sec. 1.3.1 with U of;"
./R/aaa_sp_fill.R,648,STALE_OR_DEP,1.3.2,"#' formula; Sec. 1.3.2; and is reproduced term for term.  The variance"
./R/aaa_sp_fill.R,661,STALE_OR_DEP,1.3.2,"# formula; Sec. 1.3.2; and is reproduced term for term.  The variance is"
./R/aaa_sp_fill.R,714,STALE_OR_DEP,1.3.2,"Sec. 1.3.2; the variance is derived"
./R/aaa_sp_fill.R,721,STALE_OR_DEP,3.4.1,"#' R(h) = K\'(h) / (2 h pi); Sec. 3.4.1; with Khat of Sec. 3.4.2 and the"
./R/aaa_sp_fill.R,721,STALE_OR_DEP,3.4.1,"#' R(h) = K\'(h) / (2 h pi); Sec. 3.4.1; with Khat of Sec. 3.4.2 and the"
./R/aaa_sp_fill.R,735,STALE_OR_DEP,3.4.1,"# R(h) = K'(h) / (2 h pi); Sec. 3.4.1; with Khat of Sec. 3.4.2 and the"
./R/aaa_sp_fill.R,735,STALE_OR_DEP,3.4.1,"# R(h) = K'(h) / (2 h pi); Sec. 3.4.1; with Khat of Sec. 3.4.2 and the"
./R/aaa_sp_fill.R,823,STALE_OR_DEP,3.4.1,"& Gotway (2005) Sec. 3.4.1; with Khat of Sec. 3.4.2;"
./R/aaa_sp_fill.R,823,STALE_OR_DEP,3.4.1,"& Gotway (2005) Sec. 3.4.1; with Khat of Sec. 3.4.2;"
./R/aaa_sp_fill.R,833,STALE_OR_DEP,4.3.6,"#' plus the nugget of Sec. 4.3.6; covariance eq (4.14).  gamma(0) = 0"
./R/aaa_sp_fill.R,846,STALE_OR_DEP,4.3.6,"# plus the nugget of Sec. 4.3.6; covariance eq (4.14).  gamma(0) = 0"
./R/aaa_sp_fill.R,879,STALE_OR_DEP,4.3.6,"(2005) eq (4.15) with the nugget of Sec. 4.3.6;;"
./R/aaa_sp_fill.R,885,STALE_OR_DEP,4.7.1.1,"#' Eq (4.57) specialised to R^1 in Sec. 4.7.1.1; checked against the"
./R/aaa_sp_fill.R,897,STALE_OR_DEP,4.7.1.1,"# eq (4.57) specialised to R^1 in Sec. 4.7.1.1; checked against the"
./R/aaa_sp_fill.R,935,STALE_OR_DEP,4.7.1.1,"specialised to R^1 in Sec. 4.7.1.1; checked against;"
./R/aaa_sp_fill.R,945,STALE_OR_DEP,4.7.2,"#' absent from the book; whose Sec. 4.7.2 fits a parametric spectral"
./R/aaa_sp_fill.R,958,STALE_OR_DEP,4.7.2,"# absent from the book; whose Sec. 4.7.2 fits a parametric spectral"
./R/aaa_sp_fill.R,996,STALE_OR_DEP,6.2.2.1,"#' condition in the PROSE of Sec. 6.2.2.1; p. 336 (1/theta_min < rho <"
./R/aaa_sp_fill.R,1008,STALE_OR_DEP,6.2.2.1,"# condition in the PROSE of Sec. 6.2.2.1; p. 336 (1/theta_min < rho <"
./R/aaa_sp_fill.R,1047,STALE_OR_DEP,6.2.2.1,"Schabenberger & Gotway (2005) Sec. 6.2.2.1; p. 336;"
./R/aaa_sp_fill.R,1083,STALE_OR_DEP,6.2.2.1,"#' SAR ERROR model; eqs (6.35)-(6.37) of Sec. 6.2.2.1 -- NOT the"
./R/aaa_sp_fill.R,1100,STALE_OR_DEP,6.2.2.1,"# SAR ERROR model; eqs (6.35)-(6.37) of Sec. 6.2.2.1 -- NOT the spatially"
./R/aaa_sp_fill.R,1116,STALE_OR_DEP,6.2.2.1,"Sec. 6.2.2.1 to reduce to the spectral radius"
./R/aaa_sp_fill.R,1181,STALE_OR_DEP,6.2.2.1,"eqs (6.35)-(6.37); Sec. 6.2.2.1; concentrated;"
./R/aaa_sp_fill.R,1330,STALE_OR_DEP,1.3.3,"(2005) Sec. 1.3.3 with exact;"
./R/aaa_sp_fill.R,1340,STALE_OR_DEP,5.3.1,"#' book\'s trend removal is the OLS trend surface of Sec. 5.3.1.  Median"
./R/aaa_sp_fill.R,1355,STALE_OR_DEP,5.3.1,"# book's trend removal is the OLS trend surface of Sec. 5.3.1.  Median"
./R/aaa_sp_fill.R,1413,STALE_OR_DEP,5.3.1,"Sec. 5.3.1"
./R/aaa_sp_fill.R,1939,STALE_OR_DEP,5.3.1,"#' analogue is Sec. 5.3.1."
./R/aaa_sp_fill.R,1955,STALE_OR_DEP,5.3.1,"# analogue is Sec. 5.3.1."
./R/aaa_sp_fill.R,2009,STALE_OR_DEP,5.3.1,"is Sec. 5.3.1"
./R/aaa_sp_krig_shared.R,5,STALE_OR_DEP,4.3.6,"#' variance component present only at zero lag (Sec 4.3.6)."
./R/aaa_sp_krig_shared.R,39,STALE_OR_DEP,5.2.1,"#' Internal: simple kriging solution (Sec 5.2.1)"
./R/aaa_sp_krig_shared.R,50,STALE_OR_DEP,5.2.1,"#' @references Schabenberger & Gotway (2005); Sec 5.2.1."
./R/aaa_sp_krig_shared.R,69,STALE_OR_DEP,5.2.2.2,"#' Internal: ordinary kriging in terms of the semivariogram; Sec 5.2.2.2"
./R/aaa_sp_pp_shared.R,31,STALE_OR_DEP,3.4.2,"#' Internal: Ripley's K estimated as in Sec 3.4.2"
./R/aaa_sp_vario_shared.R,40,STALE_OR_DEP,4.3.6,"#' The nugget is a discontinuity AT the origin (Sec 4.3.6; p. 150)."
./R/acigls_native.R,10,STALE_OR_DEP,73.1.13,"# doi:10.1093/biomet/73.1.13."
./R/admmop.R,17,STALE_OR_DEP,3.1.1,"#'   Sect. 3.1.1.  Standard published form; the monograph is not in the"
./R/alfesf_native.R,3,STALE_OR_DEP,1.9.6,"# Jumper; J. et al. (2021) Nature 596(7873); 583-589; SI 1.9.6 (pLDDT as a"
./R/alfesf_native.R,4,STALE_OR_DEP,1.9.7,"#   binned expectation) and 1.9.7 (pTM; d0 = 1.24 (N-15)^(1/3) - 1.8)."
./R/arckn.R,14,STALE_OR_DEP,8.2.2,"#' doi:10.1007/978-3-030-89010-0.  Chapter 8; Sect. 8.2.2; the arc-cosine kernel named on"
./R/arsau_datasets.R,509,STALE_OR_DEP,0.9.5.5,"# is (`morie-R/0.9.5.5 (...) libcurl`) -- close enough to the"
./R/b2info.R,10,STALE_OR_DEP,2.8.1,"#   (2.60); (2.65); (2.67); (8.1); Theorems 2.8.1 and 5.4.3."
./R/b2info.R,10,STALE_OR_DEP,2.8.1,"#   (2.60); (2.65); (2.67); (8.1); Theorems 2.8.1 and 5.4.3."
./R/b2info.R,277,STALE_OR_DEP,2.5.3,"#' Cover & Thomas (2006); Theorem 2.5.3; eq. (2.67); p. 24; with the"
./R/b2info.R,322,STALE_OR_DEP,5.4.3,"#' Cover & Thomas (2006); Theorem 5.4.3; eq. (5.42); p. 115."
./R/b2info.R,329,STALE_OR_DEP,5.4.3,"#' @references Cover & Thomas (2006); Theorem 5.4.3."
./R/b2info.R,350,STALE_OR_DEP,5.4.3,"method = Wrong-code expected length H(p)+D(p||q) -- Cover & Thomas (2006) Thm 5.4.3)"
./R/b2info.R,356,STALE_OR_DEP,2.8.1,"#' Cover & Thomas (2006); Section 2.8; Theorem 2.8.1; p. 34.  A"
./R/b2info.R,364,STALE_OR_DEP,2.8.1,"#' @references Cover & Thomas (2006); Theorem 2.8.1."
./R/b2info.R,384,STALE_OR_DEP,2.8.1,"method = Data-processing inequality I(X;Y) >= I(X;Z) -- Cover & Thomas (2006) Thm 2.8.1)"
./R/bcelO.R,13,STALE_OR_DEP,10.7.2,"#' chapter PDF; not recalled.  BOOK DEFECT: the display in Sect. 10.7.2 prints this loss"
./R/bcelO.R,32,STALE_OR_DEP,10.7.2,"method = Binary cross-entropy loss; MVSML Sect. 10.7.2)"
./R/berte_native.R,22,STALE_OR_DEP,7.1.26,"# erf approximation (Abramowitz & Stegun 7.1.26)"
./R/bndsbs.R,23,STALE_OR_DEP,4.3.3,"#'   distinction is Section 4.3.3 of Molinari; F. (2021); Handbook of"
./R/bprMF_native.R,64,STALE_OR_DEP,4.1.1,"# sigma(x_uij); the Gaussian prior; and BPR-Opt). Sec. 4.1.1 (the AUC"
./R/bprop.R,6,STALE_OR_DEP,10.8.1,"#' volume \[Pages 379-425\]; Chapter 10; Sections 10.8 and 10.8.1; equations"
./R/bprop.R,10,STALE_OR_DEP,10.8.1,"#' Section 10.8.1 gives the algorithm literally: step 9;"
./R/bprop.R,109,STALE_OR_DEP,10.8.1,"method = delta/psi recursion of Chapter 10 Sect. 10.8.1 steps 9-12; eqs. (10.12)-(10.17))"
./R/bsmed_native.R,35,STALE_OR_DEP,7.4.422,"#'   Psychological Methods 7(4); 422-445; doi:10.1037/1082-989X.7.4.422."
./R/btsmth.R,5,STALE_OR_DEP,74.3.469,"#' to smooth?; Biometrika 74(3); 469-479; doi:10.1093/biomet/74.3.469"
./R/causal.R,1574,STALE_OR_DEP,1.4.0,"#'   Observational Studies. R package version 1.4.0."
./R/causal_native.R,100,STALE_OR_DEP,3.3.2,"#' @references Pearl J (2009). \emph{Causality}; 2nd edn; Thm 3.3.2."
./R/causal_native.R,149,STALE_OR_DEP,3.3.2,"method = Back-door adjustment (Pearl 2009; Thm 3.3.2); discrete"
./R/causal_native.R,292,STALE_OR_DEP,3.3.1,"#' @references Pearl J (2009). \emph{Causality}; 2nd edn; Def. 3.3.1."
./R/causal_native.R,334,STALE_OR_DEP,3.3.1,"method = Back-door criterion (Pearl 2009; Def. 3.3.1) via d-separation"
./R/causbckd_native.R,11,STALE_OR_DEP,3.3.1,"#' Statistics Surveys 3; Eq. 25; Section 3.3.1) for a binary treatment"
./R/causbckd_native.R,26,STALE_OR_DEP,3.3.1,"#'   Eq. 25; Section 3.3.1; local copy"
./R/ccelO.R,13,STALE_OR_DEP,10.7.2,"#' chapter PDF; not recalled.  BOOK DEFECT: the display in Sect. 10.7.2 prints this loss"
./R/ccelO.R,32,STALE_OR_DEP,10.7.2,"method = Categorical cross-entropy loss; MVSML Sect. 10.7.2)"
./R/chemsc_native.R,59,STALE_OR_DEP,8.4.1,"#     8.4.1 to 8.4.6. Every default parameter value used here."
./R/chemsc_native.R,59,STALE_OR_DEP,8.4.1,"#     8.4.1 to 8.4.6. Every default parameter value used here."
./R/chemsc_native.R,66,STALE_OR_DEP,8.4.3,"# Regression coefficients; GOLD User Guide 8.4.3 to 8.4.5. The names are"
./R/chemsc_native.R,66,STALE_OR_DEP,8.4.3,"# Regression coefficients; GOLD User Guide 8.4.3 to 8.4.5. The names are"
./R/chemsc_native.R,73,STALE_OR_DEP,8.4.3,"# Hydrogen-bond geometry; GOLD User Guide 8.4.3. Distances in"
./R/chemsc_native.R,82,STALE_OR_DEP,8.4.4,"# Metal-binding geometry; GOLD User Guide 8.4.4."
./R/chemsc_native.R,85,STALE_OR_DEP,8.4.4,"# Lipophilic contact geometry; GOLD User Guide 8.4.4. The lipophilic"
./R/chemsc_native.R,90,STALE_OR_DEP,8.4.6,"# Clash radii; GOLD User Guide 8.4.6."
./R/climate_w511_native.R,116,STALE_OR_DEP,2.3.1,"#'   \doi{10.5194/hess-16-3383-2012}; Eq. 2; Sec. 2.3.1. Local:"
./R/clpopt_native.R,18,STALE_OR_DEP,2.2.103,"# doi:10.1287/moor.2.2.103 (smallest-subscript rule; termination"
./R/cntgc.R,3,STALE_OR_DEP,14.2.1,"#' Pearson contingency coefficient C (Gibbons Ch 14.2.1)"
./R/copula_native.R,361,STALE_OR_DEP,5.1.4,"#'   (2nd ed.). Springer. Sec. 5.1.4."
./R/cov2s.R,3,STALE_OR_DEP,2.11.2,"#' Two-sample placement coverage (Gibbons Ch 2.11.2)"
./R/covsp.R,3,STALE_OR_DEP,2.11.1,"#' One-sample coverage probability (Gibbons Ch 2.11.1)"
./R/cqtmpl_native.R,3,STALE_OR_DEP,136.4.1457,"# Loci; Genetics 136(4); 1457-1468; doi:10.1093/genetics/136.4.1457"
./R/crtT_mixedcase_native.R,1,STALE_OR_DEP,2.2.2,"# Chinese remainder theorem solver (Sun Tzu; 4th c.; Stein 2009; Thm 2.2.2)."
./R/crtT_mixedcase_native.R,3,STALE_OR_DEP,2.2.1,"# Congruences; and Secrets; Springer; Sec. 2.2; Question 2.2.1;"
./R/crtT_mixedcase_native.R,4,STALE_OR_DEP,2.2.2,"# Theorem 2.2.2; Algorithm 2.2.3. Sun Tzu (Sunzi Suanjing; 4th c.);"
./R/crtT_mixedcase_native.R,4,STALE_OR_DEP,2.2.2,"# Theorem 2.2.2; Algorithm 2.2.3. Sun Tzu (Sunzi Suanjing; 4th c.);"
./R/crtT_mixedcase_native.R,6,STALE_OR_DEP,4.3.2,"# Programming; Vol. 2; Sec. 4.3.2 (CRT in computer arithmetic; as"
./R/crtT_mixedcase_native.R,72,STALE_OR_DEP,2.2.3,"# Algorithm 2.2.3: x_new = x + (b - x) c mod; with c mod + d mi = 1"
./R/crtT_mixedcase_native.R,81,STALE_OR_DEP,2.2.3,"method = Chinese remainder theorem (Stein Alg. 2.2.3))"
./R/crypto_keystore.R,65,STALE_OR_DEP,1.0.18,"not implemented: scrypt KDF requires sodium >= 1.0.18 with ;"
./R/crypto_keystore.R,66,STALE_OR_DEP,1.0.1,"crypto_pwhash_scryptsalsa208sha256 exposed.  Tracked for v1.0.1.;"
./R/crypto_pqc.R,33,STALE_OR_DEP,0.15.0,"#' @return Single character (e.g. `0.15.0`); empty if liboqs absent."
./R/crypto_sym.R,36,STALE_OR_DEP,1.0.20,"#' `1.0.20`); empty string if libsodium wasn't linked."
./R/cv1gn.R,6,STALE_OR_DEP,4.3.6,"#' as rendered pages.  Volume \[Pages 109-139\]; Chapter 4; Section 4.3.6;"
./R/cv1gn.R,11,STALE_OR_DEP,4.5.1,"#' 4.5.1; equation (4.2); p. 129; gives the predictive ability as Pearson's"
./R/cv1gn.R,80,STALE_OR_DEP,4.3.6,"method = paste0(CV1 of Chapter 4 Sect. 4.3.6 scored by eqs. ;"
./R/describe.R,14,STALE_OR_DEP,0.9.5.4,"# Closes the v0.9.5.4 describe()-parity gap; shipped in v0.9.5.5."
./R/describe.R,14,STALE_OR_DEP,0.9.5.4,"# Closes the v0.9.5.4 describe()-parity gap; shipped in v0.9.5.5."
./R/describe.R,66,STALE_OR_DEP,0.9.5.4,"#' \code{morie.describe()} function (closing the v0.9.5.4 parity"
./R/describe.R,67,STALE_OR_DEP,0.9.5.5,"#' gap; shipped in v0.9.5.5)."
./R/did.R,120,STALE_OR_DEP,0.9.5.12,"# design (fwildclusterboot is GitHub-only; see 0.9.5.12 NEWS)."
./R/did.R,1342,STALE_OR_DEP,0.9.5.12,"#' dropped in 0.9.5.12 because fwildclusterboot is GitHub-only and"
./R/difsib.R,5,STALE_OR_DEP,1.46.1,"#' package \pkg{mirt} (mirt 1.46.1; \code{R/SIBTEST.R}); implementing"
./R/digest_native.R,7,STALE_OR_DEP,0.6.39,"# Semantics follow digest 0.6.39 exactly -- serialize() with the 14-byte"
./R/dnnmt.R,8,STALE_OR_DEP,12.4.1,"#' The ARCHITECTURE is Chapter 12; Section 12.4.1; DNN with Multivariate"
./R/dnnmt.R,16,STALE_OR_DEP,10.8.1,"#' The TRAINING EQUATIONS are Chapter 10; Section 10.8.1; volume"
./R/dnnmt.R,33,STALE_OR_DEP,10.8.2,"#' in the printed form so that the hand computation of Section 10.8.2 reproduces"
./R/dnnmt.R,41,STALE_OR_DEP,12.4.1,"#' MULTI-TRAIT LOSS.  Section 12.4.1 weights each head; so the joint loss is"
./R/dnnmt.R,61,STALE_OR_DEP,12.4.1,"#' DEPARTURES FROM SECTION 12.4.1; stated rather than papered over.  DROPOUT IS"
./R/dnnmt.R,86,STALE_OR_DEP,12.4.1,"#'   three-hidden-layer stack of Section 12.4.1."
./R/dnnmt.R,89,STALE_OR_DEP,12.4.1,"#'   linear; Section 12.4.1 uses relu."
./R/dnnmt.R,90,STALE_OR_DEP,12.4.1,"#' @param out_activation head activation; Section 12.4.1 uses linear for"
./R/dnnmt.R,229,STALE_OR_DEP,12.4.1,"(Ch 12 Sec 12.4.1; pp.490-493); trained by the Ch 10 ;"
./R/dnnmt.R,230,STALE_OR_DEP,10.8.1,"Sec 10.8.1 backpropagation Steps 4-12 (pp.412-413); ;"
./R/dpsng.R,6,STALE_OR_DEP,4.1.5,"#' 4.1.5; Proposition 4.8; crediting Antoniak (1974); Annals of"
./R/empfun.R,19,STALE_OR_DEP,3.3.4,"# Gotway (2005) sec. 3.3.4; pp. 97-98."
./R/enobj.R,19,STALE_OR_DEP,3.6.2,"#' doi:10.1007/978-3-030-89010-0.  Chapter 3; Sect. 3.6.2 p. 94 describes the elastic net"
./R/enobj.R,29,STALE_OR_DEP,3.6.1,"#' MVSML Sect. 3.6.1 up to the factor 1/2 on the ridge term; alpha = 1 reproduces Sect."
./R/enobj.R,30,STALE_OR_DEP,3.6.2,"#' 3.6.2 exactly."
./R/enobj.R,57,STALE_OR_DEP,3.6.2,"method = Elastic net penalized RSS; MVSML Sect. 3.6.2 / Chap. 7)"
./R/entheo_analysis.R,51,STALE_OR_DEP,0.4.0,"method = Bayne-Laukkonen Beautiful Loop (v0.4.0-alpha toy);"
./R/entheo_analysis.R,95,STALE_OR_DEP,0.4.0,"method = Pirez Self-Aware Networks (v0.4.0-alpha toy);"
./R/esd.R,5,STALE_OR_DEP,1.3.5.17,"#' section 1.3.5.17.3; which states Rosner (1983; Technometrics 25;"
./R/esl_native.R,183,STALE_OR_DEP,4.4.1,"#' @references Hastie; T.; et al. (2009). ESL (2nd ed.); Sec 4.4.1. Springer."
./R/esl_native.R,460,STALE_OR_DEP,11.5.2,"#' @references Hastie; T.; et al. (2009). ESL (2nd ed.); Sec 11.5.2. Springer."
./R/esllso.R,19,STALE_OR_DEP,3.4.2,"#' section 3.4.2. The penalty is on the same scale as n times glmnet's"
./R/euclP.R,8,STALE_OR_DEP,4.6.1,"#' sec. 4.6.1; run over the reals with a numerical tolerance in place of"
./R/euclP.R,19,STALE_OR_DEP,4.6.1,"#'   Seminumerical Algorithms; 3rd ed.; sec. 4.6.1; Addison-Wesley."
./R/evt_coles.R,8,STALE_OR_DEP,2.6.5,"# chi/chibar sec. 8.4 pp.163-165; profile likelihood sec. 2.6.5;"
./R/evt_coles.R,9,STALE_OR_DEP,9.1.3,"# Bayesian recipe sec. 9.1.3; nonstationary trend sec. 6.2."
./R/evt_coles.R,85,STALE_OR_DEP,3.3.2,"#' GEV maximum-likelihood fit (Coles 2001 sec. 3.3.2)"
./R/evt_coles.R,220,STALE_OR_DEP,4.3.2,"#' GPD maximum-likelihood fit (Coles 2001 sec. 4.3.2)"
./R/evt_coles.R,333,STALE_OR_DEP,2.6.5,"#' Profile-likelihood CI for the shape xi (Coles 2001 sec. 2.6.5)"
./R/evt_coles.R,390,STALE_OR_DEP,9.1.3,"#' (Coles 2001 sec. 9.1.3 vague-normal-prior recipe)"
./R/evt_native.R,195,STALE_OR_DEP,3.3.5,"#' Thm. 3.3.5; 3/(4 log^2 2) at xi = 0) is far above Hill's xi^2"
./R/evt_native.R,204,STALE_OR_DEP,3.3.5,"#'   de Haan and Ferreira (2006); Thm. 3.3.5."
./R/expvar.R,20,STALE_OR_DEP,2.3.1,"# Cressie (1993); Statistics for Spatial Data; rev. edn.; sec. 2.3.1."
./R/fauzi_native.R,121,STALE_OR_DEP,5.3.2,"# n^(-1/3). Sec. 5.3.2 states the same conclusion in words; citing"
./R/fauzi_native.R,131,STALE_OR_DEP,5.3.2,"#' normal reference is 4^(1/3) sigma n^(-1/3). Sec. 5.3.2 states the"
./R/fauzi_native.R,456,STALE_OR_DEP,5.3.2,"#' density rule. Sec. 5.3.2 of the book is explicit that Azzalini"
./R/fauzi_native.R,468,STALE_OR_DEP,5.3.2,"#' @references Fauzi and Maesono (2023); Eq. (2.2) and Sec. 5.3.2;"
./R/fhar.R,5,STALE_OR_DEP,3.3.1,"#' Chapter 3; Section 3.3.1 The Fourier basis system for periodic data: the"
./R/fhar.R,10,STALE_OR_DEP,3.3.1,"#' This is the UNNORMALISED form of Section 3.3.1.  The 1/sqrt(P) and"
./R/fhar.R,42,STALE_OR_DEP,3.3.1,"method = Ramsay-Silverman (2005) Sect. 3.3.1 Fourier basis; 1; sin(r w t); cos(r w t))"
./R/fnlm.R,6,STALE_OR_DEP,16.4.1,"#' 16.1 p. 279 and Section 16.4.1 pp. 291-292; read as rendered page images"
./R/fnlm.R,22,STALE_OR_DEP,16.4.1,"#' No regularisation is applied: this is Section 16.4.1; Fitting the model"
./R/fnlm.R,23,STALE_OR_DEP,16.4.2,"#' without regularization.  The penalised variant of Section 16.4.2;"
./R/fours.R,6,STALE_OR_DEP,14.2.1,"#' volume \[Pages 579-631\]; Chapter 14; Section 14.2.1; p. 584; read as a"
./R/fours.R,28,STALE_OR_DEP,14.2.1,"#' @param period P; defaults to the range of t; as Section 14.2.1 suggests."
./R/fours.R,54,STALE_OR_DEP,14.2.1,"method = Chapter 14 Sect. 14.2.1 Fourier basis; phi_1 = 1/sqrt(P); sin/cos pairs scaled by 1/sqrt(P/2))"
./R/fpcadj.R,18,STALE_OR_DEP,1.2.4,"#'   implementation in the CRAN package samplingbook 1.2.4; whose Smean"
./R/funBand_native.R,22,STALE_OR_DEP,2.1.2,"# Generalized Linear Models; Chapman and Hall; ISBN 978-0-412-30040-0; Sec 2.1.2."
./R/fzkmis.R,16,STALE_OR_DEP,5.3.2,"#' Sec. 5.3.2 attributes to Azzalini."
./R/fzse.R,5,STALE_OR_DEP,5.3.1,"#' Sec. 5.3.1. With `Stilde = n - sum_i K(-X_i/h)`;"
./R/fzse.R,35,STALE_OR_DEP,5.3.1,"#' @references Fauzi and Maesono (2023); Sec. 5.3.1 and Theorem 5.10; Maesono; Moriyama"
./R/fzse.R,53,STALE_OR_DEP,5.3.1,"method = smoothed sign test mean and variance (Sec. 5.3.1))"
./R/fzt14.R,20,STALE_OR_DEP,2.1.7,"#' (Kyushu University Institutional Repository; `math0257`); Theorem 2.1.7 --"
./R/fzt14.R,46,STALE_OR_DEP,2.1.7,"#' doctoral thesis; Theorem 2.1.7."
./R/fzwm.R,5,STALE_OR_DEP,5.3.1,"#' Sec. 5.3.1. With `Wtilde = n(n+1)/2 - sum_{i<=j} K(-(X_i+X_j)/(2h))`;"
./R/fzwm.R,34,STALE_OR_DEP,5.3.1,"#' @references Fauzi and Maesono (2023); Sec. 5.3.1; Maesono; Moriyama and Lu (2018);"
./R/fzwm.R,47,STALE_OR_DEP,5.3.1,"method = smoothed Wilcoxon signed rank mean and variance (Sec. 5.3.1))"
./R/gauvar.R,20,STALE_OR_DEP,2.3.1,"# Cressie (1993); Statistics for Spatial Data; rev. edn.; sec. 2.3.1."
./R/gh_ap_d2.R,19,STALE_OR_DEP,6.8.2,"#'   under Appendix D; in the book it is Lemma 6.46 in Section 6.8.2."
./R/gh_ap_k1.R,15,STALE_OR_DEP,2.10.1,"#'   Theorem 2.10.1. The worklist filed this under Ghosal Appendix K;"
./R/gh_c10_10.R,19,STALE_OR_DEP,10.4.4,"#'   Nonparametric Bayesian Inference; CUP; section 10.4.4."
./R/gh_c10_10.R,56,STALE_OR_DEP,10.4.4,"method = series Poisson regression (GvdV 2017 sec. 10.4.4))"
./R/gh_c10_11.R,20,STALE_OR_DEP,10.4.5,"#'   Nonparametric Bayesian Inference; CUP; section 10.4.5."
./R/gh_c10_11.R,48,STALE_OR_DEP,10.4.5,"method = functional regression (GvdV 2017 sec. 10.4.5))"
./R/gh_c10_13.R,17,STALE_OR_DEP,10.5.1,"#'   Nonparametric Bayesian Inference; Section 10.5.1 and Theorem 10.24."
./R/gh_c10_13.R,40,STALE_OR_DEP,10.5.1,"method = Point-null Bayes factor; Ghosal Section 10.5.1)"
./R/gh_c10_14.R,20,STALE_OR_DEP,10.5.3,"#'   Nonparametric Bayesian Inference; CUP; section 10.5.3."
./R/gh_c10_14.R,40,STALE_OR_DEP,10.5.3,"method = parametric-vs-NP Bayes factor (GvdV 2017 sec. 10.5.3))"
./R/gh_c10_2.R,21,STALE_OR_DEP,10.2.1,"#'   Nonparametric Bayesian Inference; CUP; section 10.2.1."
./R/gh_c10_2.R,41,STALE_OR_DEP,10.2.1,"method = universal weights (GvdV 2017 sec. 10.2.1))"
./R/gh_c10_3.R,20,STALE_OR_DEP,10.2.2,"#'   Nonparametric Bayesian Inference; CUP; section 10.2.2."
./R/gh_c10_3.R,47,STALE_OR_DEP,10.2.2,"method = parametric adaptation (GvdV 2017 sec. 10.2.2))"
./R/gh_c10_4.R,20,STALE_OR_DEP,10.2.3,"#'   Nonparametric Bayesian Inference; CUP; section 10.2.3."
./R/gh_c10_4.R,36,STALE_OR_DEP,10.2.3,"method = two-model adaptation (GvdV 2017 sec. 10.2.3))"
./R/gh_c10_5.R,22,STALE_OR_DEP,10.3.2,"#'   Nonparametric Bayesian Inference; CUP; section 10.3.2."
./R/gh_c10_5.R,47,STALE_OR_DEP,10.3.2,"method = spike-slab adaptation (GvdV 2017 sec. 10.3.2))"
./R/gh_c10_7.R,27,STALE_OR_DEP,10.4.1,"#'   Nonparametric Bayesian Inference; CUP; sections 10.4 and 10.4.1."
./R/gh_c10_7.R,71,STALE_OR_DEP,10.4.1,"method = Finite random series (Sec. 10.4.1); the prior on K is what makes it adaptive)"
./R/gh_c10_8.R,18,STALE_OR_DEP,10.4.2,"#'   Nonparametric Bayesian Inference; CUP; section 10.4.2."
./R/gh_c10_8.R,46,STALE_OR_DEP,10.4.2,"method = finite random series regression (GvdV 2017 sec. 10.4.2))"
./R/gh_c10_9.R,21,STALE_OR_DEP,10.4.3,"#'   Nonparametric Bayesian Inference; CUP; section 10.4.3."
./R/gh_c10_9.R,49,STALE_OR_DEP,10.4.3,"method = series binary regression (GvdV 2017 sec. 10.4.3))"
./R/gh_c11_12.R,18,STALE_OR_DEP,11.5.1,"#'   Nonparametric Bayesian Inference; CUP; section 11.5.1."
./R/gh_c11_12.R,32,STALE_OR_DEP,11.5.1,"method = fBm self-similarity (GvdV 2017 sec. 11.5.1))"
./R/gh_c11_14.R,22,STALE_OR_DEP,11.7.5,"#'   Nonparametric Bayesian Inference; CUP; section 11.7.5."
./R/gh_c11_14.R,51,STALE_OR_DEP,11.7.5,"method = GP Laplace approximation (GvdV 2017 sec. 11.7.5))"
./R/gh_c11_15.R,24,STALE_OR_DEP,11.7.4,"#'   Nonparametric Bayesian Inference; CUP; section 11.7.4."
./R/gh_c11_15.R,53,STALE_OR_DEP,11.7.4,"method = EP for GP classification (GvdV 2017 sec. 11.7.4))"
./R/gh_c11_4.R,26,STALE_OR_DEP,11.3.1,"#'   Nonparametric Bayesian Inference; CUP; section 11.3.1 and ch. 11;"
./R/gh_c11_4.R,59,STALE_OR_DEP,11.3.1,"method = GP density contraction (Sec. 11.3.1); the kernel's smoothness decides the rate)"
./R/gh_c12_10.R,21,STALE_OR_DEP,12.4.2,"#'   Nonparametric Bayesian Inference; CUP; section 12.4.2."
./R/gh_c12_10.R,45,STALE_OR_DEP,12.4.2,"method = linear-functional BvM (GvdV 2017 sec. 12.4.2))"
./R/gh_c12_3.R,19,STALE_OR_DEP,12.2.1,"#'   Nonparametric Bayesian Inference; CUP; section 12.2.1."
./R/gh_c12_3.R,31,STALE_OR_DEP,12.2.1,"method = strong approximation (GvdV 2017 sec. 12.2.1))"
./R/gh_c12_5.R,19,STALE_OR_DEP,12.3.1,"#'   Nonparametric Bayesian Inference; CUP; section 12.3.1."
./R/gh_c12_5.R,33,STALE_OR_DEP,12.3.1,"method = efficient influence function (GvdV 2017 sec. 12.3.1))"
./R/gh_c12_7.R,20,STALE_OR_DEP,12.3.2,"#'   Nonparametric Bayesian Inference; CUP; section 12.3.2."
./R/gh_c12_7.R,33,STALE_OR_DEP,12.3.2,"method = strict semiparametric BvM (GvdV 2017 sec. 12.3.2))"
./R/gh_c12_8.R,20,STALE_OR_DEP,12.3.3,"#'   Nonparametric Bayesian Inference; CUP; section 12.3.3."
./R/gh_c12_8.R,42,STALE_OR_DEP,12.3.3,"method = Cox partial-likelihood BvM (GvdV 2017 sec. 12.3.3))"
./R/gh_c12_9.R,21,STALE_OR_DEP,12.4.1,"#'   Nonparametric Bayesian Inference; CUP; section 12.4.1."
./R/gh_c12_9.R,38,STALE_OR_DEP,12.4.1,"method = white-noise full BvM (GvdV 2017 sec. 12.4.1))"
./R/gh_c13_10.R,19,STALE_OR_DEP,13.4.1,"#'   Nonparametric Bayesian Inference; CUP; section 13.4.1."
./R/gh_c13_10.R,53,STALE_OR_DEP,13.4.1,"method = NTR consistency (GvdV 2017 sec. 13.4.1))"
./R/gh_c13_11.R,19,STALE_OR_DEP,13.4.2,"#'   Nonparametric Bayesian Inference; CUP; section 13.4.2."
./R/gh_c13_11.R,39,STALE_OR_DEP,13.4.2,"method = NTR functional BvM (GvdV 2017 sec. 13.4.2))"
./R/gh_c13_14.R,6,STALE_OR_DEP,13.6.1,"#' is not an approximation to be apologised for: section 13.6.1 shows the"
./R/gh_c13_14.R,21,STALE_OR_DEP,13.6.1,"#'   Nonparametric Bayesian Inference; CUP; section 13.6.1."
./R/gh_c13_14.R,43,STALE_OR_DEP,13.6.1,"method = Cox posterior (GvdV 2017 sec. 13.6.1))"
./R/gh_c13_15.R,27,STALE_OR_DEP,13.6.2,"#'   Nonparametric Bayesian Inference; CUP; sections 13.6.2 and 13.7.2."
./R/gh_c13_15.R,27,STALE_OR_DEP,13.6.2,"#'   Nonparametric Bayesian Inference; CUP; sections 13.6.2 and 13.7.2."
./R/gh_c13_15.R,85,STALE_OR_DEP,13.6.2,"method = Cox partial likelihood with the semiparametric BvM of Sec. 13.6.2)"
./R/gh_c13_16.R,19,STALE_OR_DEP,13.7.1,"#'   Nonparametric Bayesian Inference; CUP; section 13.7.1."
./R/gh_c13_16.R,36,STALE_OR_DEP,13.7.1,"method = censored Bayesian bootstrap = Kaplan-Meier limit (GvdV 2017 sec. 13.7.1))"
./R/gh_c13_4.R,18,STALE_OR_DEP,13.3.1,"#'   Nonparametric Bayesian Inference; CUP; section 13.3.1."
./R/gh_c13_4.R,37,STALE_OR_DEP,13.3.1,"method = discrete beta process (GvdV 2017 sec. 13.3.1))"
./R/gh_c13_5.R,19,STALE_OR_DEP,13.3.2,"#'   Nonparametric Bayesian Inference; CUP; section 13.3.2."
./R/gh_c13_5.R,31,STALE_OR_DEP,13.3.2,"method = BP Levy measure (GvdV 2017 sec. 13.3.2))"
./R/gh_c13_6.R,20,STALE_OR_DEP,13.3.3,"#'   Nonparametric Bayesian Inference; CUP; section 13.3.3."
./R/gh_c13_6.R,41,STALE_OR_DEP,13.3.3,"method = BP Poisson-jump path (GvdV 2017 sec. 13.3.3))"
./R/gh_c13_7.R,20,STALE_OR_DEP,13.3.4,"#'   Nonparametric Bayesian Inference; CUP; section 13.3.4."
./R/gh_c13_7.R,36,STALE_OR_DEP,13.3.4,"method = mixture of beta processes (GvdV 2017 sec. 13.3.4))"
./R/gh_c1_2.R,9,STALE_OR_DEP,1.3.1,"#' 1.3.1 is guarding against."
./R/gh_c1_2.R,22,STALE_OR_DEP,1.3.1,"#'   Nonparametric Bayesian Inference; CUP; section 1.3.1."
./R/gh_c1_2.R,40,STALE_OR_DEP,1.3.1,"method = dominated posterior; Radon-Nikodym (GvdV 2017 sec. 1.3.1))"
./R/gh_c2_2.R,20,STALE_OR_DEP,2.2.1,"#'   Nonparametric Bayesian Inference; CUP; section 2.2.1."
./R/gh_c2_2.R,36,STALE_OR_DEP,2.2.1,"method = GP prior draw via Cholesky (GvdV 2017 sec. 2.2.1))"
./R/gh_c2_3.R,19,STALE_OR_DEP,2.2.2,"#'   Nonparametric Bayesian Inference; CUP; section 2.2.2."
./R/gh_c2_3.R,32,STALE_OR_DEP,2.2.2,"method = exponentiated-GP increasing process (GvdV 2017 sec. 2.2.2))"
./R/gh_c2_4.R,17,STALE_OR_DEP,2.3.1,"#'   Nonparametric Bayesian Inference; CUP; section 2.3.1."
./R/gh_c2_4.R,33,STALE_OR_DEP,2.3.1,"method = exponential link density (GvdV 2017 sec. 2.3.1))"
./R/gh_c2_5.R,20,STALE_OR_DEP,2.3.2,"#'   Nonparametric Bayesian Inference; CUP; section 2.3.2."
./R/gh_c2_5.R,39,STALE_OR_DEP,2.3.2,"method = Dirichlet histogram prior (GvdV 2017 sec. 2.3.2))"
./R/gh_c2_6.R,20,STALE_OR_DEP,2.3.3,"#'   Nonparametric Bayesian Inference; CUP; section 2.3.3."
./R/gh_c2_6.R,41,STALE_OR_DEP,2.3.3,"method = Dirichlet kernel mixture (GvdV 2017 sec. 2.3.3))"
./R/gh_c2_7.R,18,STALE_OR_DEP,2.3.4,"#'   Nonparametric Bayesian Inference; CUP; section 2.3.4."
./R/gh_c2_7.R,37,STALE_OR_DEP,2.3.4,"method = Bernstein-Feller CDF approximation (GvdV 2017 sec. 2.3.4))"
./R/gh_c3_8.R,15,STALE_OR_DEP,3.4.4,"#'   Nonparametric Bayesian Inference; Section 3.4.4. That section gives"
./R/gh_c3_8.R,40,STALE_OR_DEP,3.4.4,"method = Hausdorff moment feasibility; Ghosal Section 3.4.4)"
./R/gh_c6_12.R,16,STALE_OR_DEP,6.8.1,"#'   Nonparametric Bayesian Inference; Section 6.8.1: Definition 6.43;"
./R/gh_c6_15.R,16,STALE_OR_DEP,6.8.4,"#'   Nonparametric Bayesian Inference; Section 6.8.4; equations (6.17)"
./R/gh_c6_15.R,42,STALE_OR_DEP,6.8.4,"method = Martingale consistency check; Ghosal Section 6.8.4)"
./R/ghosal_native.R,14,STALE_OR_DEP,4.1.3,"# (Sec. 4.1.3); so the predictive machinery is closed form; and"
./R/ghosal_native.R,174,STALE_OR_DEP,4.1.4,"#' (\alpha+n)^{-1}\sum_k n_k \delta_{X_k^*}} (Sec. 4.1.4). Closed"
./R/ghosal_native.R,175,STALE_OR_DEP,4.1.3,"#' form: conjugacy (Sec. 4.1.3) makes the posterior"
./R/ghosal_native.R,188,STALE_OR_DEP,4.1.3,"#' @references Ghosal and van der Vaart; Sec. 4.1.3-4.1.4."
./R/ghosal_native.R,188,STALE_OR_DEP,4.1.3,"#' @references Ghosal and van der Vaart; Sec. 4.1.3-4.1.4."
./R/ghosal_native.R,217,STALE_OR_DEP,4.1.4,"method = Polya urn predictive (Sec. 4.1.4); atoms at the distinct values; mass n/(alpha+n)"
./R/ghosal_native.R,310,STALE_OR_DEP,7.2.3,"#' posterior mean density in closed form (Sec. 3.7; 7.2.3)."
./R/ghosal_native.R,327,STALE_OR_DEP,7.2.3,"#' @references Ghosal and van der Vaart; Sec. 3.7 and 7.2.3."
./R/ghosal_native.R,359,STALE_OR_DEP,7.2.3,"method = Polya tree posterior mean (Sec. 7.2.3); closed form by Beta conjugacy"
./R/ghosal_native.R,365,STALE_OR_DEP,3.7.2,"#' \eqn{f \sim \int PT(\alpha; \pi) dH(\alpha; \pi)} (Sec. 3.7.2): a"
./R/ghosal_native.R,382,STALE_OR_DEP,3.7.2,"#' @references Ghosal and van der Vaart; Sec. 3.7.2."
./R/ghosal_native.R,422,STALE_OR_DEP,3.7.2,"method = Mixture of Polya trees (Sec. 3.7.2); averages away the partition artefacts"
./R/ghosal_native.R,429,STALE_OR_DEP,7.2.3,"#' \eqn{p_0} (Sec. 7.2.3). The prior \eqn{a_m = m^2} attains this for"
./R/ghosal_native.R,440,STALE_OR_DEP,7.2.3,"#' @references Ghosal and van der Vaart; Sec. 7.2.3; Ch. 10."
./R/ghosal_native.R,524,STALE_OR_DEP,11.3.1,"#' (Sec. 11.3.1). The kernel decides the answer: Matern matched to"
./R/ghosal_native.R,542,STALE_OR_DEP,11.3.1,"#' @references Ghosal and van der Vaart; Sec. 11.3.1 and Ch. 11."
./R/ghosal_native.R,581,STALE_OR_DEP,11.3.1,"method = GP density contraction (Sec. 11.3.1); the kernel's smoothness decides the rate"
./R/gibbons_native.R,14,STALE_OR_DEP,3.2.1,"# PDF-verified sources: Theorem 3.2.1 (runs joint pmf; printed"
./R/gibbons_native.R,15,STALE_OR_DEP,4.3.3,"# p. 77); Theorem 4.3.3 (Kolmogorov limit; p. 108); Theorem 2.11.1"
./R/gibbons_native.R,15,STALE_OR_DEP,4.3.3,"# p. 77); Theorem 4.3.3 (Kolmogorov limit; p. 108); Theorem 2.11.1"
./R/gibbons_native.R,16,STALE_OR_DEP,13.3.1,"# (coverage ~ Beta; p. 61); Table 13.3.1 (ARE values; p. 492);"
./R/gibbons_native.R,17,STALE_OR_DEP,13.3.3,"# Sec. 13.3.3 (ARE(Mood; F) = 15/(2 pi^2)); Theorem 7.3.6 (folded"
./R/gibbons_native.R,17,STALE_OR_DEP,13.3.3,"# Sec. 13.3.3 (ARE(Mood; F) = 15/(2 pi^2)); Theorem 7.3.6 (folded"
./R/gibbons_native.R,23,STALE_OR_DEP,3.2.1,"#' Theorem 3.2.1 / Corollary / Theorem 3.2.2: joint; marginal and"
./R/gibbons_native.R,23,STALE_OR_DEP,3.2.1,"#' Theorem 3.2.1 / Corollary / Theorem 3.2.2: joint; marginal and"
./R/gibbons_native.R,33,STALE_OR_DEP,3.2.1,"#'   Statistical Inference; 5th ed.; Theorems 3.2.1-3.2.2;"
./R/gibbons_native.R,33,STALE_OR_DEP,3.2.1,"#'   Statistical Inference; 5th ed.; Theorems 3.2.1-3.2.2;"
./R/gibbons_native.R,34,STALE_OR_DEP,3.2.6,"#'   eqs. (3.2.6); (3.2.8)."
./R/gibbons_native.R,34,STALE_OR_DEP,3.2.6,"#'   eqs. (3.2.6); (3.2.8)."
./R/gibbons_native.R,83,STALE_OR_DEP,3.2.1,"method = Runs pmfs and moments (Gibbons Theorems 3.2.1-3.2.2)"
./R/gibbons_native.R,83,STALE_OR_DEP,3.2.1,"method = Runs pmfs and moments (Gibbons Theorems 3.2.1-3.2.2)"
./R/gibbons_native.R,169,STALE_OR_DEP,2.11.1,"#' Theorem 2.11.1 (PDF-verified): coverage of the order-statistic"
./R/gibbons_native.R,183,STALE_OR_DEP,2.11.1,"#' @references Gibbons & Chakraborti (2021); Theorem 2.11.1."
./R/gibbons_native.R,199,STALE_OR_DEP,2.11.1,"method = Smallest n for (X(1); X(n)) tolerance (Thm 2.11.1)"
./R/gibbons_native.R,218,STALE_OR_DEP,2.11.1,"method = Coverage ~ Beta(s-r; n-s+r+1) (Gibbons Theorem 2.11.1)"
./R/gibbons_native.R,224,STALE_OR_DEP,4.3.3,"#' Theorem 4.3.3 (two-sided Kolmogorov series L(d)); Theorem 4.3.5"
./R/gibbons_native.R,224,STALE_OR_DEP,4.3.3,"#' Theorem 4.3.3 (two-sided Kolmogorov series L(d)); Theorem 4.3.5"
./R/gibbons_native.R,226,STALE_OR_DEP,4.3.5,"#' one-sided tail (eq. 4.3.5). Mirrors morie.fn.gb433/gb434bt/gb435/"
./R/gibbons_native.R,234,STALE_OR_DEP,4.3.3,"#' @references Gibbons & Chakraborti (2021); Theorems 4.3.3; 4.3.5;"
./R/gibbons_native.R,234,STALE_OR_DEP,4.3.3,"#' @references Gibbons & Chakraborti (2021); Theorems 4.3.3; 4.3.5;"
./R/gibbons_native.R,235,STALE_OR_DEP,4.3.5,"#'   eq. (4.3.5); Corollary 4.3.5.1."
./R/gibbons_native.R,235,STALE_OR_DEP,4.3.5,"#'   eq. (4.3.5); Corollary 4.3.5.1."
./R/gibbons_native.R,248,STALE_OR_DEP,4.3.3,"d = d; method = Kolmogorov L(d) + one-sided limits (Thms 4.3.3; 4.3.5)"
./R/gibbons_native.R,248,STALE_OR_DEP,4.3.3,"d = d; method = Kolmogorov L(d) + one-sided limits (Thms 4.3.3; 4.3.5)"
./R/gibbons_native.R,384,STALE_OR_DEP,13.3.1,"#' Table 13.3.1 (PDF-verified; printed p. 492) plus the efficacy"
./R/gibbons_native.R,386,STALE_OR_DEP,13.3.3,"#' bounds; and the scale-test values of Sec. 13.3.3. Mirrors the"
./R/gibbons_native.R,398,STALE_OR_DEP,13.3.1,"#' @references Gibbons & Chakraborti (2021); Table 13.3.1;"
./R/gibbons_native.R,399,STALE_OR_DEP,13.3.3,"#'   Sec. 13.3.3. Hodges & Lehmann (1956); Ann. Math. Statist. 27(2);"
./R/gibbons_native.R,436,STALE_OR_DEP,13.3.1,"method = Gibbons Table 13.3.1 + efficacy re-derivation"
./R/gibbons_native.R,453,STALE_OR_DEP,2.7.1,"#' @references Gibbons & Chakraborti (2021); Chs. 2.3; 2.7.1; 2.11.1;"
./R/gibbons_native.R,453,STALE_OR_DEP,2.7.1,"#' @references Gibbons & Chakraborti (2021); Chs. 2.3; 2.7.1; 2.11.1;"
./R/gibbons_native.R,454,STALE_OR_DEP,2.4.3.1,"#'   Corollary 2.4.3.1."
./R/gibbons_native2.R,13,STALE_OR_DEP,2.3.1,"#' EDF count is binomial -- Gibbons Theorem 2.3.1 (book p. 33)"
./R/gibbons_native2.R,32,STALE_OR_DEP,2.4.1,"#' CDF of the r-th order statistic -- Theorem 2.4.1; eq. (2.4.1); p. 37"
./R/gibbons_native2.R,32,STALE_OR_DEP,2.4.1,"#' CDF of the r-th order statistic -- Theorem 2.4.1; eq. (2.4.1); p. 37"
./R/gibbons_native2.R,45,STALE_OR_DEP,2.4.2,"#' PDF of the r-th order statistic -- Theorem 2.4.2; eq. (2.4.2); p. 37"
./R/gibbons_native2.R,45,STALE_OR_DEP,2.4.2,"#' PDF of the r-th order statistic -- Theorem 2.4.2; eq. (2.4.2); p. 37"
./R/gibbons_native2.R,58,STALE_OR_DEP,2.4.3,"#' Uniform order statistic is Beta(r; n-r+1) -- Theorem 2.4.3; p. 38"
./R/gibbons_native2.R,75,STALE_OR_DEP,2.10.1,"#' Asymptotic normality of the sample quantile -- Theorem 2.10.1; p. 60"
./R/gibbons_native2.R,88,STALE_OR_DEP,2.3.1,"#' Empirical distribution function -- eq. (2.3.1); p. 32"
./R/gibbons_native2.R,251,STALE_OR_DEP,5.4.1,"#' Sign-test statistic K -- Sec. 5.4; eq. (5.4.1); p. 168"
./R/gibbons_native2.R,264,STALE_OR_DEP,5.4.3,"#' Exact sign-test p-value -- eq. (5.4.3); p. 169"
./R/gibbons_native2.R,282,STALE_OR_DEP,5.4.7,"#' Sign-test normal approximation -- eq. (5.4.7); p. 174"
./R/gibbons_native2.R,304,STALE_OR_DEP,5.4.8,"#' Zero differences in the sign test -- Sec. 5.4.8; p. 180"
./R/gibbons_native2.R,329,STALE_OR_DEP,5.4.8,"#' Power of the sign test -- eq. (5.4.8); Table 5.4.1; p. 174"
./R/gibbons_native2.R,329,STALE_OR_DEP,5.4.8,"#' Power of the sign test -- eq. (5.4.8); Table 5.4.1; p. 174"
./R/gibbons_native2.R,361,STALE_OR_DEP,5.4.5,"#' Simulated sign-test power over supplied samples -- Sec. 5.4.5; p. 175"
./R/gibbons_native2.R,374,STALE_OR_DEP,5.4.9,"#' Sign-test sample size -- eq. (5.4.9); p. 179"
./R/gibbons_native2.R,391,STALE_OR_DEP,5.4.9,"#' Two-sided sign-test sample size -- eq. (5.4.9) with alpha/2; p. 179"
./R/gibbons_native2.R,408,STALE_OR_DEP,5.4.11,"#' Median CI from sign-test inversion -- eq. (5.4.11); p. 179"
./R/gibbons_native2.R,449,STALE_OR_DEP,5.7.1,"#' Wilcoxon signed-rank T+ -- Sec. 5.7; eqs. (5.7.1)/(5.7.9); p. 195"
./R/gibbons_native2.R,449,STALE_OR_DEP,5.7.1,"#' Wilcoxon signed-rank T+ -- Sec. 5.7; eqs. (5.7.1)/(5.7.9); p. 195"
./R/gibbons_native2.R,471,STALE_OR_DEP,5.7.2,"#' Null moments of T+ -- eq. (5.7.2); p. 197"
./R/gibbons_native2.R,482,STALE_OR_DEP,5.7.10,"#' Tie-corrected Var\[T+\] -- eqs. (5.7.10)-(5.7.11); p. 203"
./R/gibbons_native2.R,482,STALE_OR_DEP,5.7.10,"#' Tie-corrected Var\[T+\] -- eqs. (5.7.10)-(5.7.11); p. 203"
./R/gibbons_native2.R,498,STALE_OR_DEP,5.7.9,"#' Signed-rank normal approximation -- eq. (5.7.9); p. 202"
./R/gibbons_native2.R,519,STALE_OR_DEP,5.7.13,"#' Signed-rank power -- eqs. (5.7.13)-(5.7.14); p. 205"
./R/gibbons_native2.R,519,STALE_OR_DEP,5.7.13,"#' Signed-rank power -- eqs. (5.7.13)-(5.7.14); p. 205"
./R/gibbons_native2.R,537,STALE_OR_DEP,5.7.3,"#' Simulated signed-rank power over supplied samples -- Sec. 5.7.3; p. 204"
./R/gibbons_native2.R,555,STALE_OR_DEP,5.7.15,"#' Signed-rank sample size -- eq. (5.7.15); p. 206"
./R/gibbons_native2.R,584,STALE_OR_DEP,5.7.5,"#' Walsh-average confidence interval -- Sec. 5.7.5; pp. 207-209"
./R/gibbons_native2.R,602,STALE_OR_DEP,5.7.7,"#' Signed-rank test of symmetry -- Sec. 5.7.7; p. 211"
./R/gibbons_native2.R,637,STALE_OR_DEP,3.2.9,"#' Total runs asymptotic normality -- eq. (3.2.9); p. 82"
./R/gibbons_native2.R,693,STALE_OR_DEP,3.5.1,"#' Rank von Neumann test -- eqs. (3.5.1)-(3.5.2); p. 95"
./R/gibbons_native2.R,693,STALE_OR_DEP,3.5.1,"#' Rank von Neumann test -- eqs. (3.5.1)-(3.5.2); p. 95"
./R/gibbons_native2.R,713,STALE_OR_DEP,3.2.2,"#' Exact null distribution of R -- Theorem 3.2.2; eq. (3.2.3); p. 79"
./R/gibbons_native2.R,713,STALE_OR_DEP,3.2.2,"#' Exact null distribution of R -- Theorem 3.2.2; eq. (3.2.3); p. 79"
./R/gibbons_native2.R,731,STALE_OR_DEP,3.2.2,"#' Table D: exact runs distribution -- Theorem 3.2.2; p. 79"
./R/gibbons_native2.R,796,STALE_OR_DEP,1.2.9,"#' Attainable exact sizes of a discrete test -- Sec. 1.2.9; p. 26"
./R/gibbons_native2.R,815,STALE_OR_DEP,1.2.9,"#' Randomized decision rule of exact size -- Sec. 1.2.9; pp. 26-27"
./R/gibbons_native2.R,848,STALE_OR_DEP,1.2.10,"#' Consistency of a test -- Sec. 1.2.10; p. 23"
./R/gibbons_native2.R,863,STALE_OR_DEP,4.2.1,"#' Chi-square goodness of fit -- eq. (4.2.1); p. 104"
./R/gibbons_native2.R,880,STALE_OR_DEP,4.3.1,"#' KS statistics via the PIT -- Theorem 4.3.1; p. 111"
./R/gibbons_native2.R,892,STALE_OR_DEP,4.3.2,"#' Exact P(D_n < d) -- Theorem 4.3.2 via Durbin's matrix identity; p. 111"
./R/gibbons_native2.R,952,STALE_OR_DEP,4.3.4,"#' Exact P(D+ >= c) -- Theorem 4.3.4; Birnbaum-Tingey; p. 115"
./R/gibbons_native2.R,1000,STALE_OR_DEP,4.4.2,"#' KS confidence band -- Sec. 4.4.2; p. 121"
./R/gibbons_native2.R,1017,STALE_OR_DEP,4.4.3,"#' KS sample size for uniform error c -- Sec. 4.4.3; p. 122"
./R/gibbons_native2.R,1162,STALE_OR_DEP,4.7.1,"#' Table 4.7.1 -- A-D upper tail percentage points (Stephens 1986); p. 140"
./R/gibbons_native2.R,1173,STALE_OR_DEP,4.7.1,"#' Anderson-Darling W_n^2 -- eq. (4.7.1); p. 138; Table 4.7.1; p. 140"
./R/gibbons_native2.R,1173,STALE_OR_DEP,4.7.1,"#' Anderson-Darling W_n^2 -- eq. (4.7.1); p. 138; Table 4.7.1; p. 140"
./R/gibbons_native2.R,1181,STALE_OR_DEP,4.7.1,"stop(case must be a row label of Table 4.7.1.; call. = FALSE)"
./R/gibbons_native2.R,1199,STALE_OR_DEP,3.2.3,"#' Runs pmf helper for the two-sample test -- eq. (3.2.3); p. 79"
./R/gibbons_native2.R,1225,STALE_OR_DEP,6.2.1,"#' Runs-test tie bounds -- Sec. 6.2.1; p. 233"
./R/gibbons_native2.R,1411,STALE_OR_DEP,6.4.2,"#' Median-test confidence interval -- Sec. 6.4.2; p. 251"
./R/gibbons_native2.R,1436,STALE_OR_DEP,6.4.9,"#' Precedence/median-test power -- eqs. (6.4.9)-(6.4.10); p. 254"
./R/gibbons_native2.R,1436,STALE_OR_DEP,6.4.9,"#' Precedence/median-test power -- eqs. (6.4.9)-(6.4.10); p. 254"
./R/gibbons_native2.R,1521,STALE_OR_DEP,6.5.1,"#' Control median test -- Sec. 6.5; eq. (6.5.1); p. 256"
./R/gibbons_native2.R,1548,STALE_OR_DEP,6.5.2,"#' Curtailed control median test -- eq. (6.5.2); p. 258"
./R/gibbons_native2.R,1577,STALE_OR_DEP,6.5.2,"#' Control median test power -- Sec. 6.5.2; p. 258"
./R/gibbons_native2.R,1600,STALE_OR_DEP,6.6.14,"#' Exact null counts of U / shifted W by the (6.6.14) recursion"
./R/gibbons_native2.R,1619,STALE_OR_DEP,6.6.1,"#' Mann-Whitney U -- Sec. 6.6; eqs. (6.6.1); (6.6.14); p. 260"
./R/gibbons_native2.R,1619,STALE_OR_DEP,6.6.1,"#' Mann-Whitney U -- Sec. 6.6; eqs. (6.6.1); (6.6.14); p. 260"
./R/gibbons_native2.R,1642,STALE_OR_DEP,6.6.2,"#' Mann-Whitney shift CI -- Sec. 6.6.2; p. 267"
./R/gibbons_native2.R,1658,STALE_OR_DEP,6.6.18,"#' Mann-Whitney sample size -- eq. (6.6.18); p. 269 (Noether 1987)"
./R/gibbons_native2.R,1761,STALE_OR_DEP,8.3.1,"#' Terry-Hoeffding normal-scores test -- Sec. 8.3.1; p. 299"
./R/gibbons_native2.R,1781,STALE_OR_DEP,8.3.2,"#' van der Waerden test -- Sec. 8.3.2; p. 301"
./R/gibbons_native2.R,1804,STALE_OR_DEP,8.3.5,"#' Percentile modified rank test for location -- eqs. (8.3.5)-(8.3.6); p. 304"
./R/gibbons_native2.R,1804,STALE_OR_DEP,8.3.5,"#' Percentile modified rank test for location -- eqs. (8.3.5)-(8.3.6); p. 304"
./R/gibbons_native2.R,1842,STALE_OR_DEP,7.3.3,"#' Covariance of two linear rank statistics -- Theorem 7.3.3; p. 279"
./R/gibbons_native2.R,1861,STALE_OR_DEP,7.3.7,"#' Linear rank statistic properties -- Theorem 7.3.7; p. 283"
./R/gibbons_native2.R,1878,STALE_OR_DEP,7.3.8,"#' Chernoff-Savage null moments -- Theorem 7.3.8 / Corollary 7.3.1; p. 285"
./R/gibbons_native2.R,1878,STALE_OR_DEP,7.3.8,"#' Chernoff-Savage null moments -- Theorem 7.3.8 / Corollary 7.3.1; p. 285"
./R/gibbons_native2.R,1904,STALE_OR_DEP,5.7.5,"#' Rank-test inversion interval -- Secs. 5.7.5; 6.4.2; 6.6.2"
./R/gibbons_native2.R,1904,STALE_OR_DEP,5.7.5,"#' Rank-test inversion interval -- Secs. 5.7.5; 6.4.2; 6.6.2"
./R/gibbons_native2.R,1904,STALE_OR_DEP,5.7.5,"#' Rank-test inversion interval -- Secs. 5.7.5; 6.4.2; 6.6.2"
./R/gibbons_native2.R,1924,STALE_OR_DEP,7.3.2,"#' Theorem 7.3.2 moments of sum a_i Z_i under H0"
./R/gibbons_native2.R,1933,STALE_OR_DEP,9.2.1,"#' Mood scale test -- eqs. (9.2.1)-(9.2.3); pp. 314-316"
./R/gibbons_native2.R,1933,STALE_OR_DEP,9.2.1,"#' Mood scale test -- eqs. (9.2.1)-(9.2.3); pp. 314-316"
./R/gibbons_native2.R,1953,STALE_OR_DEP,9.2.2,"#' Mood null moments -- eqs. (9.2.2)-(9.2.3); pp. 315-316"
./R/gibbons_native2.R,1953,STALE_OR_DEP,9.2.2,"#' Mood null moments -- eqs. (9.2.2)-(9.2.3); pp. 315-316"
./R/gibbons_native2.R,1965,STALE_OR_DEP,9.3.1,"#' Freund-Ansari-Bradley-David-Barton test -- eq. (9.3.1); p. 316"
./R/gibbons_native2.R,2033,STALE_OR_DEP,9.5.1,"#' Klotz normal-scores scale test -- eq. (9.5.1); p. 322"
./R/gibbons_native2.R,2091,STALE_OR_DEP,9.7.1,"#' Sukhatme scale test -- eq. (9.7.1); p. 323"
./R/gibbons_native2.R,2115,STALE_OR_DEP,9.8.1,"#' Scale-ratio CI from Sukhatme -- eqs. (9.8.1)-(9.8.2); p. 328"
./R/gibbons_native2.R,2115,STALE_OR_DEP,9.8.1,"#' Scale-ratio CI from Sukhatme -- eqs. (9.8.1)-(9.8.2); p. 328"
./R/gibbons_native2.R,2143,STALE_OR_DEP,9.9.1,"#' Westenberg interquartile scale test -- eq. (9.9.1); p. 329"
./R/gibbons_native2.R,2171,STALE_OR_DEP,9.9.2,"#' Rosenbaum outside-extremes scale test -- eq. (9.9.2); p. 329"
./R/gibbons_native2.R,2212,STALE_OR_DEP,10.3.1,"#' k-sample control median test -- Sec. 10.3; eq. (10.3.1); pp. 350-351"
./R/gibbons_native2.R,2252,STALE_OR_DEP,10.7.1,"#' Control-vector covariance -- Theorem 10.7.1; p. 375"
./R/gibbons_native2.R,2272,STALE_OR_DEP,10.4.2,"#' Kruskal-Wallis H -- eqs. (10.4.2)/(10.4.5)/(10.4.7); pp. 354-358"
./R/gibbons_native2.R,2272,STALE_OR_DEP,10.4.2,"#' Kruskal-Wallis H -- eqs. (10.4.2)/(10.4.5)/(10.4.7); pp. 354-358"
./R/gibbons_native2.R,2272,STALE_OR_DEP,10.4.2,"#' Kruskal-Wallis H -- eqs. (10.4.2)/(10.4.5)/(10.4.7); pp. 354-358"
./R/gibbons_native2.R,2296,STALE_OR_DEP,10.4.2,"#' Kruskal-Wallis defining form -- eqs. (10.4.2)/(10.4.7); pp. 354; 357"
./R/gibbons_native2.R,2296,STALE_OR_DEP,10.4.2,"#' Kruskal-Wallis defining form -- eqs. (10.4.2)/(10.4.7); pp. 354; 357"
./R/gibbons_native2.R,2312,STALE_OR_DEP,10.4.1,"#' Chi-square approximation to H -- Sec. 10.4.1; p. 357"
./R/gibbons_native2.R,2329,STALE_OR_DEP,10.4.8,"#' Kruskal-Wallis multiple comparisons -- eq. (10.4.8); p. 357"
./R/gibbons_native2.R,2357,STALE_OR_DEP,10.5.1,"#' General k-sample rank statistic -- eqs. (10.5.1)-(10.5.2); pp. 362-363"
./R/gibbons_native2.R,2357,STALE_OR_DEP,10.5.1,"#' General k-sample rank statistic -- eqs. (10.5.1)-(10.5.2); pp. 362-363"
./R/gibbons_native2.R,2381,STALE_OR_DEP,10.6.2,"#' Jonckheere-Terpstra B -- Sec. 10.6; eqs. (10.6.2)-(10.6.3); p. 365"
./R/gibbons_native2.R,2381,STALE_OR_DEP,10.6.2,"#' Jonckheere-Terpstra B -- Sec. 10.6; eqs. (10.6.2)-(10.6.3); p. 365"
./R/gibbons_native2.R,2406,STALE_OR_DEP,10.6.2,"#' JT null moments -- eqs. (10.6.2)-(10.6.3); pp. 365-366"
./R/gibbons_native2.R,2406,STALE_OR_DEP,10.6.2,"#' JT null moments -- eqs. (10.6.2)-(10.6.3); pp. 365-366"
./R/gibbons_native2.R,2422,STALE_OR_DEP,10.6.1,"#' JT as the pairwise U matrix -- Sec. 10.6; eq. (10.6.1); p. 365"
./R/gibbons_native2.R,2438,STALE_OR_DEP,10.7.3,"#' Treatments-vs-control precedence test -- eq. (10.7.3); p. 373"
./R/gibbons_native2.R,2461,STALE_OR_DEP,11.2.1,"#' Null distribution of S = P - Q -- Sec. 11.2.1; p. 395"
./R/gibbons_native2.R,2498,STALE_OR_DEP,11.2.5,"#' Kendall tau trend test -- Sec. 11.2.5; p. 406"
./R/gibbons_native2.R,2520,STALE_OR_DEP,11.3.2,"#' Spearman rank correlation -- Sec. 11.3; eq. (11.3.2); p. 407"
./R/gibbons_native2.R,2538,STALE_OR_DEP,11.3.2,"#' Test of zero Spearman correlation -- Secs. 11.3.2-11.3.3; pp. 412-413"
./R/gibbons_native2.R,2538,STALE_OR_DEP,11.3.2,"#' Test of zero Spearman correlation -- Secs. 11.3.2-11.3.3; pp. 412-413"
./R/gibbons_native2.R,2586,STALE_OR_DEP,12.6.1,"#' Kendall partial tau -- Sec. 12.6; eq. (12.6.1); p. 467"
./R/gibbons_native2.R,2642,STALE_OR_DEP,12.2.8,"#' Friedman two-way ANOVA by ranks -- eqs. (12.2.8)/(12.2.12); pp. 441-445"
./R/gibbons_native2.R,2642,STALE_OR_DEP,12.2.8,"#' Friedman two-way ANOVA by ranks -- eqs. (12.2.8)/(12.2.12); pp. 441-445"
./R/gibbons_native2.R,2662,STALE_OR_DEP,12.2.12,"#' Tie-corrected Friedman Q -- eq. (12.2.12); p. 445"
./R/gibbons_native2.R,2699,STALE_OR_DEP,12.2.7,"#' Friedman S and Q moments -- eq. (12.2.7); p. 442"
./R/gibbons_native2.R,2714,STALE_OR_DEP,12.2.13,"#' Friedman multiple comparisons -- eq. (12.2.13); p. 445"
./R/gibbons_native2.R,2738,STALE_OR_DEP,12.3.1,"#' Page's L test -- eqs. (12.3.1)-(12.3.2); pp. 448-449"
./R/gibbons_native2.R,2738,STALE_OR_DEP,12.3.1,"#' Page's L test -- eqs. (12.3.1)-(12.3.2); pp. 448-449"
./R/gibbons_native2.R,2804,STALE_OR_DEP,12.3.2,"#' Page's L normal approximation -- eq. (12.3.2); p. 449"
./R/gibbons_native2.R,2820,STALE_OR_DEP,12.4.2,"#' Concordance W significance test -- Sec. 12.4.2; p. 455"
./R/gibbons_native2.R,2836,STALE_OR_DEP,13.2.2,"#' ARE from derivatives and variances -- Theorem 13.2.2; eq. (13.2.1); p. 485"
./R/gibbons_native2.R,2836,STALE_OR_DEP,13.2.2,"#' ARE from derivatives and variances -- Theorem 13.2.2; eq. (13.2.1); p. 485"
./R/gibbons_native2.R,2851,STALE_OR_DEP,13.2.4,"#' Efficacy -- eq. (13.2.4); p. 486"
./R/gibbons_native2.R,2860,STALE_OR_DEP,13.3.3,"#' Sign test efficacy -- eq. (13.3.3); p. 489"
./R/gibbons_native2.R,2871,STALE_OR_DEP,13.3.2,"#' One-sample t efficacy -- eq. (13.3.2); p. 488"
./R/gibbons_native2.R,2881,STALE_OR_DEP,13.3.4,"#' Signed-rank efficacy -- eq. (13.3.4); p. 490"
./R/gibbons_native2.R,2892,STALE_OR_DEP,13.3.10,"#' Mann-Whitney / rank-sum efficacy -- eq. (13.3.10); p. 494"
./R/gibbons_native2.R,2902,STALE_OR_DEP,13.3.9,"#' Two-sample t efficacy -- eq. (13.3.9); p. 494"
./R/gibbons_native2.R,2938,STALE_OR_DEP,14.3.2,"#' k x 2 equal-proportions test -- eq. (14.3.2); p. 514"
./R/gibbons_native2.R,3019,STALE_OR_DEP,14.5.1,"#' McNemar test -- eq. (14.5.1); p. 523"
./R/gibbons_native2.R,3040,STALE_OR_DEP,14.5.2,"#' McNemar CI -- Sec. 14.5; eq. (14.5.2); p. 523"
./R/gibbons_native2.R,3084,STALE_OR_DEP,14.6.1,"#' Linear rank test for ordered categories -- Sec. 14.6.1; p. 531"
./R/goldsc_native.R,76,STALE_OR_DEP,8.3.1,"# Guide 8.3.1. It exists to encourage hydrophobic contact."
./R/gpgrmsvr.R,14,STALE_OR_DEP,15.4.1,"#   sec. 15.4.1 pp.641-642 (splitting rules)."
./R/gpgrmsvr.R,202,STALE_OR_DEP,15.4.1,"#' (2022) sec. 15.4.1 p.642 prints the same criterion in its weighted"
./R/gpgrmsvr.R,212,STALE_OR_DEP,15.4.1,"#' @references MVSML (2022) sec. 15.4.1 pp.641-642; Breiman et al."
./R/gpgrmsvr.R,242,STALE_OR_DEP,15.4.1,"method = variance reduction split (MVSML 2022 sec. 15.4.1))"
./R/hadcrut_native.R,61,STALE_OR_DEP,4.0.0.0,"#     the Met Office Hadley Centre HadSST.4.0.0.0 data set. Journal of"
./R/hawkes_fit.R,3,STALE_OR_DEP,0.9.1,"# --- R-side Hawkes-process fitter (v0.9.1; task #74) ----------------------"
./R/hcoreg.R,14,STALE_OR_DEP,3.6.5,"#' BOTH go.  Then E\[Z(S)\] = alpha lambda mu(S); eq. (3.6.5) p. 48; with"
./R/hcoreg.R,15,STALE_OR_DEP,3.6.6,"#' alpha = exp(-lambda C_n R^n); eq. (3.6.6) p. 48; and the pair retention"
./R/hcoreg.R,17,STALE_OR_DEP,3.6.4,"#' eq. (3.6.4) p. 47."
./R/hcoreg.R,22,STALE_OR_DEP,3.6.8,"#' eq. (3.6.8) p. 48; and k(v) = 0 for 0 < v < R; else"
./R/hcoreg.R,24,STALE_OR_DEP,3.6.9,"#' / (lambda^2 gamma U (U - gamma)); eq. (3.6.9) p. 48; with gamma the"
./R/hcoreg.R,27,STALE_OR_DEP,3.4.7,"#' U is Matern U(a; b; v) of eq. (3.4.7) p. 38; the volume of the UNION of"
./R/hcoreg.R,29,STALE_OR_DEP,3.4.4,"#' the volume they share; eq. (3.4.4) p. 38.  This function is the planar"
./R/hcoreg.R,39,STALE_OR_DEP,3.6.9,"#' particular only comes out if (3.6.9) has been transcribed right.  As"
./R/hcoreg.R,121,STALE_OR_DEP,3.6.4,"eqs. (3.6.4)-(3.6.9) pp. 47-48))"
./R/hcoreg.R,121,STALE_OR_DEP,3.6.4,"eqs. (3.6.4)-(3.6.9) pp. 47-48))"
./R/hcoreg.R,152,STALE_OR_DEP,3.4.7,"# Matern eq. (3.4.7) p. 38 at n = 2: area of the union of two discs."
./R/hcoreg.R,153,STALE_OR_DEP,3.4.7,"#' Matern eq. (3.4.7) p. 38 at n = 2: area of the union of two discs"
./R/hcoreg.R,165,STALE_OR_DEP,3.6.4,"# Equation (3.6.4) p. 47."
./R/hcoreg.R,166,STALE_OR_DEP,3.6.4,"#' Equation (3.6.4) p. 47"
./R/hcoreg.R,182,STALE_OR_DEP,3.6.9,"# Equation (3.6.9) p. 48."
./R/hcoreg.R,183,STALE_OR_DEP,3.6.9,"#' Equation (3.6.9) p. 48"
./R/hcoreg.R,200,STALE_OR_DEP,3.6.9,"# digits to cancellation; and (3.6.9) is a ratio of two such differences;"
./R/hedderich7e33.R,5,STALE_OR_DEP,7.2.8,"#' Applied Statistics: Methods Using R; section 7.2.8; equation (7.33);"
./R/hexgrd_native.R,30,STALE_OR_DEP,1.28.6,"#'   CRAN hexbin 1.28.6. Archived:"
./R/hexgrd_native.R,31,STALE_OR_DEP,1.28.6,"#'   fetched-wave3/carr-hexbin_1.28.6-cran-source.tar.gz."
./R/horowitz_native3.R,136,STALE_OR_DEP,5.1.1,"#' @references Horowitz; Ch. 5; Sec. 5.1.1-5.1.2."
./R/horowitz_native3.R,136,STALE_OR_DEP,5.1.1,"#' @references Horowitz; Ch. 5; Sec. 5.1.1-5.1.2."
./R/horowitz_native3.R,176,STALE_OR_DEP,5.1.3,"#' @references Horowitz; Ch. 5; Sec. 5.1.3."
./R/horowitz_native3.R,221,STALE_OR_DEP,2.6.1,"#' @references Horowitz; Ch. 2; Sec. 2.6.1."
./R/horowitz_native3.R,275,STALE_OR_DEP,2.6.1,"#' @references Horowitz; Ch. 2; Sec. 2.6.1-2.6.2."
./R/horowitz_native3.R,275,STALE_OR_DEP,2.6.1,"#' @references Horowitz; Ch. 2; Sec. 2.6.1-2.6.2."
./R/horowitz_native3.R,314,STALE_OR_DEP,5.3.1,"#' @references Horowitz; Ch. 5; Sec. 5.3.1 and 5.4.1."
./R/horowitz_native3.R,314,STALE_OR_DEP,5.3.1,"#' @references Horowitz; Ch. 5; Sec. 5.3.1 and 5.4.1."
./R/horowitz_native3.R,374,STALE_OR_DEP,5.4.2,"#' @references Horowitz; Ch. 5; Sec. 5.4.2."
./R/horowitz_native3.R,463,STALE_OR_DEP,5.5.1,"#' @references Horowitz; Ch. 5; Sec. 5.5.1."
./R/horowitz_native4.R,11,STALE_OR_DEP,4.3.3,"# Econometrics; Springer. Sec. 4.3.3 (smoothed maximum score; the"
./R/horowitz_native4.R,12,STALE_OR_DEP,4.4.1,"# rate); Sec. 4.4.1 (choice-based samples; eqs. 4.33/4.35);"
./R/horowitz_native4.R,13,STALE_OR_DEP,4.4.2,"# Sec. 4.4.2 (panel data; eqs. 4.39/4.40); Sec. 4.4.3"
./R/horowitz_native4.R,13,STALE_OR_DEP,4.4.2,"# Sec. 4.4.2 (panel data; eqs. 4.39/4.40); Sec. 4.4.3"
./R/horowitz_native4.R,96,STALE_OR_DEP,4.4.1,"#' @references Horowitz; Sec. 4.4.1; printed p. 123."
./R/horowitz_native4.R,141,STALE_OR_DEP,4.4.1,"#' @references Horowitz; Sec. 4.4.1; eqs. (4.33)-(4.35);"
./R/horowitz_native4.R,238,STALE_OR_DEP,4.4.2,"#' @references Horowitz; Sec. 4.4.2; eqs. (4.37)-(4.40);"
./R/horowitz_native4.R,366,STALE_OR_DEP,4.4.3,"#' @references Horowitz; Sec. 4.4.3; eqs. (4.41)-(4.43);"
./R/horowitz_native4.R,509,STALE_OR_DEP,4.3.3,"#' @references Horowitz; Sec. 4.3.3 and Theorem 4.8; Horowitz (1992)."
./R/horowitz_native6.R,10,STALE_OR_DEP,6.2.4,"# Spec: Horowitz; Ch. 6. Sec. 6.2.4 (estimating lambda_0; eq. 6.44);"
./R/horowitz_native6.R,11,STALE_OR_DEP,6.3.1,"# Sec. 6.3.1 (Horowitz's T_n and F_n; eqs. 6.57-6.66); Sec. 6.3.2"
./R/horowitz_native6.R,11,STALE_OR_DEP,6.3.1,"# Sec. 6.3.1 (Horowitz's T_n and F_n; eqs. 6.57-6.66); Sec. 6.3.2"
./R/horowitz_native6.R,12,STALE_OR_DEP,6.3.3,"# (Theorems 6.4-6.5 and assumptions HT1-HT9); Sec. 6.3.3 (Chen's"
./R/horowitz_native6.R,115,STALE_OR_DEP,6.3.1,"#' @references Horowitz; Sec. 6.3.1; eqs. (6.57)-(6.66);"
./R/horowitz_native6.R,261,STALE_OR_DEP,6.3.2,"#' @references Horowitz; Sec. 6.3.2; HT1-HT9; Theorems 6.4-6.5."
./R/horowitz_native6.R,333,STALE_OR_DEP,6.3.3,"#' @references Horowitz; Sec. 6.3.3; eq. (6.67); CT1-CT6;"
./R/horowitz_native6.R,430,STALE_OR_DEP,6.2.4,"#' @references Horowitz; Sec. 6.2.4; eqs. (6.44)-(6.48)."
./R/horowitz_native6.R,522,STALE_OR_DEP,6.3.2,"#' accuracy over the WHOLE support of Y; and Sec. 6.3.2 only delivers"
./R/horowitz_native7.R,187,STALE_OR_DEP,5.2.1,"#' @references Horowitz; Sec. 5.2.1-5.2.2; eqs. (5.21)-(5.26);"
./R/horowitz_native7.R,187,STALE_OR_DEP,5.2.1,"#' @references Horowitz; Sec. 5.2.1-5.2.2; eqs. (5.21)-(5.26);"
./R/horowitz_native7.R,254,STALE_OR_DEP,5.2.1,"#' @references Horowitz; Sec. 5.2.1; eq. (5.26)."
./R/horowitz_native7.R,305,STALE_OR_DEP,5.2.1,"#' @references Horowitz; Sec. 5.2.1-5.2.2; eqs. (5.25)-(5.26);"
./R/horowitz_native7.R,305,STALE_OR_DEP,5.2.1,"#' @references Horowitz; Sec. 5.2.1-5.2.2; eqs. (5.25)-(5.26);"
./R/horowitz_native7.R,375,STALE_OR_DEP,5.2.3,"#' @references Horowitz; Sec. 5.2.3; eq. (5.20)."
./R/horowitz_native8.R,11,STALE_OR_DEP,2.5.2,"# Spec: Horowitz; Sec. 2.5.2 (choosing the weight function; eq. 2.32);"
./R/horowitz_native8.R,12,STALE_OR_DEP,2.5.5,"# Sec. 2.5.5 (rank estimators); Sec. 2.6.3 (discrete covariates;"
./R/horowitz_native8.R,12,STALE_OR_DEP,2.5.5,"# Sec. 2.5.5 (rank estimators); Sec. 2.6.3 (discrete covariates;"
./R/horowitz_native8.R,13,STALE_OR_DEP,2.6.4,"# eqs. 2.45-2.51); Sec. 2.6.4 (one-step efficiency; eqs. 2.52-2.55)."
./R/horowitz_native8.R,114,STALE_OR_DEP,2.5.5,"#' @references Horowitz; Sec. 2.5.5; Han (1987); Sherman (1993);"
./R/horowitz_native8.R,214,STALE_OR_DEP,2.5.2,"#' @references Horowitz; Sec. 2.5.2; eq. (2.32); Ichimura (1993);"
./R/horowitz_native8.R,302,STALE_OR_DEP,2.6.1,"#' direct estimators of Sec. 2.6.1-2.6.3 are fast while minimising"
./R/horowitz_native8.R,302,STALE_OR_DEP,2.6.1,"#' direct estimators of Sec. 2.6.1-2.6.3 are fast while minimising"
./R/horowitz_native8.R,315,STALE_OR_DEP,2.6.4,"#' @references Horowitz; Sec. 2.6.4; eqs. (2.52)-(2.55)."
./R/horowitz_native8.R,418,STALE_OR_DEP,2.6.3,"#' @references Horowitz; Sec. 2.6.3; eqs. (2.45)-(2.51);"
./R/horowitz_native9.R,9,STALE_OR_DEP,3.1.1,"# Spec: Horowitz; Sec. 3.1.1 (marginal integration; eqs. 3.5-3.9;"
./R/horowitz_native9.R,10,STALE_OR_DEP,3.1.3,"# Theorem 3.1) and Sec. 3.1.3 (two-step oracle-efficient estimation;"
./R/horowitz_native9.R,45,STALE_OR_DEP,3.1.1,"#' @references Horowitz; Sec. 3.1.1; eqs. (3.5)-(3.9); Theorem 3.1;"
./R/horowitz_native9.R,157,STALE_OR_DEP,3.1.3,"#' @references Horowitz; Sec. 3.1.3; eqs. (3.15)-(3.18);"
./R/hrzadm.R,6,STALE_OR_DEP,3.1.1,"#' Econometrics; Section 3.1.1; equations (3.6) to (3.9) (pages 55-57)."
./R/hrzboxc.R,5,STALE_OR_DEP,6.1.2,"#' Econometrics; Springer; Section 6.1.2; page 195 (volume \[Pages 189-232\];"
./R/hrzboxc.R,138,STALE_OR_DEP,6.1.2,"method = paste0(Horowitz (2009) Sec. 6.1.2 p.195 minimum distance ;"
./R/hrzbr4a.R,7,STALE_OR_DEP,4.3.2,"#' Section 4.3.2; equations (4.20)-(4.21) (page 106).  A"
./R/hrzbr5.R,5,STALE_OR_DEP,5.2.4,"#' Econometrics; Springer.  Section 5.2.4; page 153 (volume \[Pages 135-188\];"
./R/hrzecfw.R,16,STALE_OR_DEP,5.1.1,"#' of Section 5.1.1 exist."
./R/hrzmim.R,17,STALE_OR_DEP,2.6.1,"#' derivative within its own block (Section 2.6.1; equation (2.40));"
./R/hrzph.R,5,STALE_OR_DEP,6.2.1,"#' Econometrics; Springer; Section 6.2.1; pages 201-203 (volume"
./R/hrzphd.R,5,STALE_OR_DEP,6.2.3,"#' Econometrics; Springer; Section 6.2.3; pages 208-209 (volume"
./R/hrzphd.R,8,STALE_OR_DEP,6.2.2,"#' identified at the K boundaries only; so the model of Section 6.2.2 -- a"
./R/hrzphd.R,167,STALE_OR_DEP,6.2.3,"method = paste0(Horowitz (2009) Sec. 6.2.3 pp.208-209; interval ;"
./R/hrzphv.R,5,STALE_OR_DEP,6.2.2,"#' Econometrics; Springer; Section 6.2.2; pages 205-208 (volume"
./R/hrzphv.R,192,STALE_OR_DEP,6.2.2,"method = paste0(Horowitz (2009) Sec. 6.2.2 (6.40)-(6.42) EM; ;"
./R/hrzplri.R,6,STALE_OR_DEP,3.6.1,"#' Econometrics; Section 3.6.1; equations (3.30) to (3.33) (pages"
./R/hrzsic.R,6,STALE_OR_DEP,2.3.1,"#' Econometrics; Section 2.3.1; Theorem 2.1 (pages 12-14).  Model"
./R/hrzsicd.R,6,STALE_OR_DEP,2.3.2,"#' Econometrics; Section 2.3.2; equation (2.13) (pages 15-16).  When"
./R/hrzsim.R,6,STALE_OR_DEP,2.5.1,"#' Econometrics; Section 2.5.1; equations (2.22) to (2.25) and Theorem"
./R/hrzsmle.R,6,STALE_OR_DEP,2.5.3,"#' Econometrics; Section 2.5.3; equation (2.33) and the semiparametric"
./R/hrzsmsci.R,6,STALE_OR_DEP,4.3.3,"#' Econometrics; Section 4.3.3: equation (4.25) (page 109); Theorem 4.5"
./R/hrzweib.R,5,STALE_OR_DEP,6.1.3,"#' Econometrics; Springer; Section 6.1.3; pages 197-200 (volume"
./R/htbias.R,5,STALE_OR_DEP,2.6.1,"#' the CRAN package \pkg{grf} (grf 2.6.1; \code{R/forest_summary.R});"
./R/htpfn.R,58,STALE_OR_DEP,14.2.1,"#' Section 14.2.1 is printed with phi_2 = phi_3; phi_4 = phi_5 and phi_6 ="
./R/htprd.R,10,STALE_OR_DEP,4.4.2,"#' Chapter 4; Section 4.4.2; p. 127; states the same rule in general terms --"
./R/htprd.R,13,STALE_OR_DEP,4.3.2,"#' performance on the validation set is chosen -- and Section 4.3.2 with"
./R/icfR.R,6,STALE_OR_DEP,3.2.1,"#' prediction of their section 3.2.1 is P(u; i) = sum_j s(i;j) R(u;j) /"
./R/icfR.R,8,STALE_OR_DEP,3.1.3,"#' with s the adjusted cosine of section 3.1.3; which subtracts each"
./R/impfun_native.R,53,STALE_OR_DEP,165.4.2213,"# doi:10.1093/genetics/165.4.2213. The copying model."
./R/install_extras.R,199,STALE_OR_DEP,3.0.0,"# Strip version constraints like testthat (>= 3.0.0) -> testthat"
./R/jntlO.R,11,STALE_OR_DEP,12.4.5,"#' them.  Section 12.4.5; p. 504; is the mixed-outcome case.  The chapter also"
./R/jntlO.R,21,STALE_OR_DEP,11.1.3,"#' Volume \[Pages 427-476\]; Chapter 11; Section 11.1.3; p. 428; fixes which"
./R/jntlO.R,25,STALE_OR_DEP,10.7.2,"#' 379-425]; Section 10.7.2; p. 401; writes the Poisson loss as"
./R/jntlO.R,94,STALE_OR_DEP,11.1.3,"method = paste0(L = sum_t w_t L_t with the Chapter 11 Sect. 11.1.3 ;"
./R/jsdivg.R,43,STALE_OR_DEP,0.10.0,"#' src/distances_internal.h::jensen_shannon_internal (tarball philentropy_0.10.0 from"
./R/jsonlt_native.R,3,STALE_OR_DEP,2.0.0,"# This is the complete public surface of jsonlite 2.0.0 (toJSON / fromJSON"
./R/jsonlt_native.R,20,STALE_OR_DEP,2.0.0,"#   jsonlite 2.0.0 sources (R/ and src/); the executable specification."
./R/jsonlt_native.R,1579,STALE_OR_DEP,2.0.0,"list(route = route; result = res; method = jsonlite 2.0.0 mapping (Ooms 2014); RFC 8259)"
./R/k05_tranche1.R,448,STALE_OR_DEP,3.2.6,"#' @references Box; G. E. P. & Jenkins; G. M. (1976); sec. 3.2.6;"
./R/kapco.R,14,STALE_OR_DEP,4.5.2,"#' doi:10.1007/978-3-030-89010-0.  Chapter 4; Sect. 4.5.2; p. 134; which gives kappa ="
./R/kapco.R,30,STALE_OR_DEP,4.5.2,"method = Cohen's kappa; MVSML Sect. 4.5.2)"
./R/kfcve.R,6,STALE_OR_DEP,4.3.2,"#' volume \[Pages 109-139\]; Chapter 4; Section 4.3.2 and equation (4.1);"
./R/kfcve.R,11,STALE_OR_DEP,4.3.3,"#' prediction performance; CV_K = (1/K) sum_k MSE_k.  Section 4.3.3 notes"
./R/kfcve.R,61,STALE_OR_DEP,4.3.2,"method = CV_K = (1/K) sum_k MSE_k; Chapter 4 Sect. 4.3.2 with MSE from eq. (4.1))"
./R/krigFDA.R,24,STALE_OR_DEP,3.4.2,"# Cressie (1993) secs. 3.4.2 and 3.4.5; Schabenberger & Gotway (2005) ch. 5."
./R/krigFDA.R,24,STALE_OR_DEP,3.4.2,"# Cressie (1993) secs. 3.4.2 and 3.4.5; Schabenberger & Gotway (2005) ch. 5."
./R/krigsv.R,32,STALE_OR_DEP,2.6.2,"# 2.6.2. Schabenberger & Gotway (2005) eq. (4.1) and eqs. (4.10)-(4.13)."
./R/krigun.R,14,STALE_OR_DEP,3.4.5,"# Cressie (1993) sec. 3.4.5; Schabenberger & Gotway (2005) ch. 5."
./R/ksr02.R,7,STALE_OR_DEP,2.5.4,"#' (Kosorok Ex 2.5.4); with bracketing number bounded by 2 / epsilon^2."
./R/ksr02.R,11,STALE_OR_DEP,2.5.2,"#' @references Kosorok (2008); Ch 2 (Theorem 2.5.2)."
./R/ksr05.R,19,STALE_OR_DEP,2.5.4,"method   = bracketing number for one-sided threshold class (Kosorok 2.5.4)"
./R/ksr07.R,22,STALE_OR_DEP,2.2.3,"#'   Semiparametric Inference; Section 2.2.3 and Theorem 2.6. Fetched as"
./R/ksr07.R,62,STALE_OR_DEP,2.2.3,"method = Nonparametric bootstrap; Kosorok Section 2.2.3)"
./R/ksr08.R,23,STALE_OR_DEP,2.2.3,"#'   Semiparametric Inference; Section 2.2.3. Fetched as the full text of"
./R/ksr08.R,65,STALE_OR_DEP,2.2.3,"method = Multiplier bootstrap; Kosorok Section 2.2.3)"
./R/ksr09.R,17,STALE_OR_DEP,2.2.5,"#'   Semiparametric Inference; Section 2.2.5 and Theorem 10.16. Fetched as"
./R/ksr09.R,42,STALE_OR_DEP,2.2.5,"method = Z-estimator; Kosorok Section 2.2.5))"
./R/ksr09.R,53,STALE_OR_DEP,2.2.5,"method = Z-estimator; Kosorok Section 2.2.5)"
./R/ksr15.R,19,STALE_OR_DEP,2.2.5,"#'   Semiparametric Inference; Section 2.2.5; for the Z-estimator"
./R/l2reg.R,13,STALE_OR_DEP,10.7.3,"#' doi:10.1007/978-3-030-89010-0.  Chapter 10; Sect. 10.7.3 p. 403: L(w; lambda) = L(w) +"
./R/l2reg.R,25,STALE_OR_DEP,10.7.3,"method = L2 (ridge) regularized loss; MVSML Sect. 10.7.3)"
./R/lapkn.R,13,STALE_OR_DEP,8.2.2,"#' doi:10.1007/978-3-030-89010-0.  Chapter 8; Sect. 8.2.2 p. 264: the book calls this the"
./R/lapkn.R,28,STALE_OR_DEP,8.2.2,"method = Exponential (Laplace) kernel; MVSML Sect. 8.2.2)"
./R/lassj.R,17,STALE_OR_DEP,3.6.2,"#' doi:10.1007/978-3-030-89010-0.  Chapter 3; Sect. 3.6.2 pp. 93-94: the lasso penalizes"
./R/lassj.R,42,STALE_OR_DEP,3.6.2,"method = Lasso penalized RSS; MVSML Sect. 3.6.2)"
./R/longrd_native.R,52,STALE_OR_DEP,18.3.452,"#     452-464. doi:10.1093/bioinformatics/18.3.452."
./R/maedf.R,12,STALE_OR_DEP,4.5.1,"#' doi:10.1007/978-3-030-89010-0.  Chapter 4; Sect. 4.5.1; Eq. (4.1) p. 129 (MSE); Eq."
./R/mamh.R,20,STALE_OR_DEP,22.4.719,"#'   Cancer Institute 22(4):719-748. \doi{10.1093/jnci/22.4.719}."
./R/matern.R,14,STALE_OR_DEP,3.6.1,"#' volume; E\[Z(S)\] = lambda m mu(S); eq. (3.6.1); and"
./R/matern.R,16,STALE_OR_DEP,3.6.2,"#' + lambda (m^2 + tau^2 - m) Int Int gamma(u - y) du dy; eq. (3.6.2)."
./R/matern.R,19,STALE_OR_DEP,3.6.2,"#' m^2; and comparing (3.6.2) with the general second-moment form gives"
./R/matern.R,28,STALE_OR_DEP,3.4.4,"#' (pi r^2)^2.  That common area is Matern V_n(A; A; v) of eq. (3.4.4)"
./R/matern.R,88,STALE_OR_DEP,3.6.1,"method = Matern (1960) cluster process; eqs. (3.6.1)-(3.6.2) p. 46)"
./R/matern.R,88,STALE_OR_DEP,3.6.1,"method = Matern (1960) cluster process; eqs. (3.6.1)-(3.6.2) p. 46)"
./R/matern.R,92,STALE_OR_DEP,3.4.4,"# (1960) V_n(A; A; v) of eq. (3.4.4) p. 38; at n = 2.  Shared with Hcoreg."
./R/matern.R,96,STALE_OR_DEP,3.4.4,"#' (1960) V_n(A; A; v) of eq. (3.4.4) p. 38; at n = 2.  Shared with"
./R/matnK.R,11,STALE_OR_DEP,2.4.5,"#' the spectral side.  Equation (2.4.5) p. 17 mixes the Gaussian correlation"
./R/matnK.R,13,STALE_OR_DEP,2.4.6,"#' (1 + v^2/b^2)^-s; eq. (2.4.6) p. 17 gives the matching spectral density"
./R/matnK.R,15,STALE_OR_DEP,2.4.7,"#' eq. (2.4.7) p. 18 states the correlation function itself;"
./R/matnK.R,22,STALE_OR_DEP,2.4.8,"#' eq. (2.4.8) p. 18; and nu = 1 gives v b K_1(v b); eq. (2.4.9) p. 18."
./R/matnK.R,22,STALE_OR_DEP,2.4.8,"#' eq. (2.4.8) p. 18; and nu = 1 gives v b K_1(v b); eq. (2.4.9) p. 18."
./R/matnK.R,26,STALE_OR_DEP,2.4.7,"#' K_nu(sqrt(2 nu) d / rho); which is exactly (2.4.7) with"
./R/matnK.R,33,STALE_OR_DEP,2.4.7,"#' as z -> 0; which is the point of the constant in (2.4.7).  As nu grows"
./R/matnK.R,35,STALE_OR_DEP,2.4.2,"#' Matern eq. (2.4.2) p. 17."
./R/matnK.R,38,STALE_OR_DEP,2.4.7,"#' @param nu smoothness; Matern nu of (2.4.7); must be positive."
./R/matnK.R,40,STALE_OR_DEP,2.4.7,"#' @param sigma2 variance at lag zero; (2.4.7) itself is the correlation; so"
./R/matnK.R,60,STALE_OR_DEP,2.4.7,"method = Matern (1960) correlation function; eq. (2.4.7) p. 18)"
./R/matnK.R,63,STALE_OR_DEP,2.4.7,"# Equation (2.4.7) p. 18 at a single lag.  Written in logs so that large nu"
./R/matnK.R,65,STALE_OR_DEP,2.4.7,"#' Equation (2.4.7) p. 18 at a single lag.  Written in logs so that"
./R/mdrnk.R,3,STALE_OR_DEP,5.6.2,"#' Midrank vector with tie summary (Gibbons Ch 5.6.2)"
./R/mdrnk.R,36,STALE_OR_DEP,5.6.2,"method = Midranks (Gibbons 5.6.2)"
./R/merck.R,13,STALE_OR_DEP,8.2.1,"#' doi:10.1007/978-3-030-89010-0.  Chapter 8; Sect. 8.2.1 p. 255; property 2 and property"
./R/merck.R,30,STALE_OR_DEP,8.2.1,"method = Mercer / positive semi-definiteness check; MVSML Sect. 8.2.1)"
./R/mfird_native.R,3,STALE_OR_DEP,3.3.3,"# Springer; Eq. 2.28; Sec. 3.3.3; Eqs. 6.11-6.12"
./R/mhors.R,25,STALE_OR_DEP,22.4.719,"#'   Cancer Institute 22(4):719-748. \doi{10.1093/jnci/22.4.719}. Robins;"
./R/midegf_native.R,3,STALE_OR_DEP,2.3.6,"# (2018); Sec. 2.3.6; Eqs. 2.30-2.32"
./R/midegf_native.R,25,STALE_OR_DEP,2.3.6,"#'   Data; 2nd ed.; Sec. 2.3.6."
./R/mlwz.R,34,STALE_OR_DEP,12.2.121,"#'   Methods 12(2); 121-138; \doi{10.1037/1082-989X.12.2.121}. Neither"
./R/msdef.R,12,STALE_OR_DEP,4.5.1,"#' doi:10.1007/978-3-030-89010-0.  Chapter 4; Sect. 4.5.1; Eq. (4.1) p. 129 (MSE); Eq."
./R/msebl.R,27,STALE_OR_DEP,10.7.1,"n = nrow(Y); L = ncol(Y); method = SSE loss; MVSML Sect. 10.7.1)"
./R/msm011.R,19,STALE_OR_DEP,5.2.1.2,"#'   Springer; eq. (5.2) p.142 and sec. 5.2.1.2 p.146."
./R/multipsr.R,24,STALE_OR_DEP,1.2.4,"#'   package samplingbook 1.2.4; function submean with method = ratio."
./R/nbdsp.R,9,STALE_OR_DEP,10.7.2,"#' \[Pages 379-425\]; Chapter 10; Section 10.7.2; p. 401; adds that for count"
./R/netcms_native.R,3,STALE_OR_DEP,17.3.2,"# Sec. 17.3.2; Algorithm 17.2; Eqs. 17.22-17.27 (local PDF:"
./R/netcms_native.R,71,STALE_OR_DEP,17.3.2,"#'   Sec. 17.3.2.  Friedman; J.; Hastie; T. and Tibshirani; R."
./R/ngcf_native.R,54,STALE_OR_DEP,2.2.1,"# potential recommendations). Sec. 2.2.1 (message construction eq. (3)"
./R/node2v_native.R,11,STALE_OR_DEP,3.2.2,"# 3.2.2's second-order walk with alpha_pq keyed on the shortest-path"
./R/node2v_native.R,205,STALE_OR_DEP,3.2.2,"method = second-order biased random walk; Grover & Leskovec (2016) Sec. 3.2.2;"
./R/optim_native.R,426,STALE_OR_DEP,9.5.1,"#'   Sec 9.5.1."
./R/ordct.R,4,STALE_OR_DEP,14.6.1,"#' (Gibbons Ch 14.6.1)"
./R/pctmr.R,4,STALE_OR_DEP,8.3.3,"#' (Gibbons Ch 8.3.3)"
./R/perK_mixedcase_native.R,12,STALE_OR_DEP,4.2.3,"# Rasmussen & Williams (2006) GPML Sec. 4.2.3."
./R/perK_mixedcase_native.R,48,STALE_OR_DEP,4.2.3,"method = periodic kernel (MacKay 1998; R&W 2006 Sec. 4.2.3)"
./R/plcmt.R,3,STALE_OR_DEP,2.11.3,"#' Rank placements of Y among X order statistics (Gibbons Ch 2.11.3)"
./R/plrgrf_native.R,32,STALE_OR_DEP,6.1.1,"# 6.1.1 on local centering."
./R/poilO.R,27,STALE_OR_DEP,10.7.2,"n = nrow(Y); L = ncol(Y); method = Poisson loss; MVSML Sect. 10.7.2)"
./R/polkn.R,15,STALE_OR_DEP,8.2.2,"#' doi:10.1007/978-3-030-89010-0.  Chapter 8; Sect. 8.2.2 pp. 255-256 and the worked"
./R/polkn.R,31,STALE_OR_DEP,8.2.2,"method = Polynomial kernel; MVSML Sect. 8.2.2)"
./R/prehay_native.R,33,STALE_OR_DEP,40.3.879,"#'   879-891; doi:10.3758/BRM.40.3.879; pp. 880-884; local copy"
./R/prnFil_native.R,41,STALE_OR_DEP,3.1.3,"# doi:10.7287/peerj.preprints.3190v2. Sec. 3.1.3 (automatic changepoint"
./R/prnFil_native.R,42,STALE_OR_DEP,3.1.4,"# selection) and Sec. 3.1.4 (trend forecast uncertainty)."
./R/prnFil_native.R,141,STALE_OR_DEP,3.1.3,"method = automatic changepoint selection under a Laplace prior; Taylor & Letham (2018) Sec. 3.1.3"
./R/prnFil_native.R,231,STALE_OR_DEP,3.1.4,"method = trend forecast uncertainty by simulating future changepoints; Taylor & Letham (2018) Sec. 3.1.4"
./R/propalc.R,19,STALE_OR_DEP,1.2.4,"#'   package samplingbook 1.2.4; whose stratasamp(type = prop) sets"
./R/rbfkn.R,13,STALE_OR_DEP,8.2.2,"#' doi:10.1007/978-3-030-89010-0.  Chapter 8; Sect. 8.2.2 pp. 263-264.  The book prints"
./R/rbfkn.R,27,STALE_OR_DEP,8.2.2,"method = Gaussian (RBF) kernel; MVSML Sect. 8.2.2)"
./R/relua.R,8,STALE_OR_DEP,10.3.3,"#' positive value gives the leaky ReLU of Sect. 10.3.3."
./R/relua.R,13,STALE_OR_DEP,10.3.2,"#' doi:10.1007/978-3-030-89010-0.  Chapter 10; Sect. 10.3.2 p. 388: g(z) = max(0; z);"
./R/relua.R,14,STALE_OR_DEP,10.3.3,"#' flat below the threshold and linear above it; Sect. 10.3.3 p. 389 gives the leaky"
./R/relua.R,26,STALE_OR_DEP,10.3.2,"method = ReLU activation; MVSML Sect. 10.3.2)"
./R/remlf.R,16,STALE_OR_DEP,5.2.1.2,"#' doi:10.1007/978-3-030-89010-0.  Chapter 5; Sect. 5.2.1.2 p. 146.  REML differs from"
./R/remlf.R,30,STALE_OR_DEP,5.2.1.2,"method = REML log-likelihood; MVSML Sect. 5.2.1.2)"
./R/respwt_native.R,3,STALE_OR_DEP,8.5.1,"# Sec. 8.5.1; Example 8.4 and Table 8.2"
./R/respwt_native.R,21,STALE_OR_DEP,8.5.1,"#'   2nd ed. Brooks/Cole; Sec. 8.5.1."
./R/respwt_native.R,47,STALE_OR_DEP,8.5.1,"method = weighting-class adjustment (Lohr 2010; Sec. 8.5.1))"
./R/rgadp.R,13,STALE_OR_DEP,3.10.2,"#'   Biomedical Signal Analysis; 3rd ed. Wiley-IEEE Press. Sec 3.10.2 The"
./R/rgemg.R,11,STALE_OR_DEP,5.6.1,"#'   Analysis; 3rd ed. Wiley-IEEE Press. Sec 5.6.1 The RMS value;"
./R/rgemgf.R,29,STALE_OR_DEP,5.6.1,"#' already own Sections 5.6.1 and 5.6.3 and are called."
./R/rgemgf.R,29,STALE_OR_DEP,5.6.1,"#' already own Sections 5.6.1 and 5.6.3 and are called."
./R/rgemgf.R,37,STALE_OR_DEP,5.6.3,"#' @param turn_threshold significant-turn threshold of Section 5.6.3."
./R/rgemgfd.R,5,STALE_OR_DEP,5.13.2,"#' Press; 2024; Section 5.13.2 Fractal dimension; Higuchi's method; p. 304;"
./R/rgemgfd.R,6,STALE_OR_DEP,5.13.4,"#' equations (5.39)-(5.41); and Section 5.13.4 Fractal analysis of EMG"
./R/rgemgfd.R,22,STALE_OR_DEP,5.13.4,"#' Section 5.13.4; p. 305: Segments of duration 1 s were cut for each level of"
./R/rgemgfd.R,34,STALE_OR_DEP,5.13.4,"#'   each level; as Section 5.13.4 describes."
./R/rgemgfd.R,75,STALE_OR_DEP,5.13.4,"method = Rangayyan (2024) eqs. (5.39)-(5.41) p.304 Higuchi FD per 1 s segment; Sect. 5.13.4 p.305; eq. (5.28) for r^2)"
./R/rghfd.R,1,STALE_OR_DEP,5.13.2,"#' Higuchi fractal dimension -- Rangayyan Sec. 5.13.2; eqs (5.39)-(5.41); p.304"
./R/rghfd.R,8,STALE_OR_DEP,5.13.2,"#' @references Higuchi (1988); Physica D 31:277. Rangayyan Sec. 5.13.2; eqs (5.39)-(5.41); p.304."
./R/rgiir.R,1,STALE_OR_DEP,3.7.1,"#' Butterworth IIR filter -- Rangayyan & Krishnan Sec 3.7.1 / 3.7.2"
./R/rgiir.R,1,STALE_OR_DEP,3.7.1,"#' Butterworth IIR filter -- Rangayyan & Krishnan Sec 3.7.1 / 3.7.2"
./R/rgiir.R,27,STALE_OR_DEP,3.7.1,"#'   Analysis; 3rd ed. Wiley-IEEE Press. Sec 3.7.1 Removal of high-frequency"
./R/rgiir.R,28,STALE_OR_DEP,3.7.2,"#'   noise: Butterworth lowpass filters; p.154; Sec 3.7.2 (highpass); p.161."
./R/rgkneejt.R,5,STALE_OR_DEP,7.7.3,"#' Press; 2024; Section 7.7.3 Modeling sound generation in knee joints;"
./R/rgkneejt.R,19,STALE_OR_DEP,7.7.3,"#' Section 7.7.3 is entirely descriptive: the book prints no equation for this"
./R/rgkneejt.R,71,STALE_OR_DEP,5.6.1,"env <- numeric(N)                        # causal short-time RMS; Sect. 5.6.1"
./R/rgkneejt.R,102,STALE_OR_DEP,7.7.3,"method = Rangayyan (2024) Sect. 7.7.3 pp.402-404; Beverland et al. (1985) stick-slip model; burst = a maximal run of the RMS envelope above mu_s/mu_k times its median)"
./R/rgvmg.R,5,STALE_OR_DEP,1.2.15,"#' Press; 2024.  Section 1.2.15 The vibromyogram (VMG); p. 52: The VMG is"
./R/rgvmg.R,8,STALE_OR_DEP,2.2.6,"#' shown to vary in direct proportion to the contraction level.  Section 2.2.6"
./R/rgvmg.R,48,STALE_OR_DEP,5.6.2,"s <- ifelse(x >= 0; 1; -1)              # Section 5.6.2"
./R/rgvmg.R,84,STALE_OR_DEP,1.2.15,"method = Rangayyan (2024) Sects. 1.2.15 p.52; 2.2.6 p.77 and 5.11 p.295: RMS eq. (3.9) and mean frequency of the periodogram)"
./R/rgvmg.R,84,STALE_OR_DEP,1.2.15,"method = Rangayyan (2024) Sects. 1.2.15 p.52; 2.2.6 p.77 and 5.11 p.295: RMS eq. (3.9) and mean frequency of the periodogram)"
./R/ridgj.R,16,STALE_OR_DEP,3.6.1,"#' doi:10.1007/978-3-030-89010-0.  Chapter 3; Sect. 3.6.1 p. 81: PRSS_lambda(beta) ="
./R/ridgj.R,35,STALE_OR_DEP,3.6.1,"n = n; p = p; method = Ridge penalized RSS; MVSML Sect. 3.6.1)"
./R/ridgs.R,15,STALE_OR_DEP,3.6.1,"#' doi:10.1007/978-3-030-89010-0.  Chapter 3; Sect. 3.6.1 p. 82: solving grad"
./R/ridgs.R,31,STALE_OR_DEP,3.6.1,"method = Ridge closed-form solution; MVSML Sect. 3.6.1)"
./R/ripF.R,27,STALE_OR_DEP,3.3.4,"#'   Methods for Spatial Data Analysis; Sec. 3.3.4; pp. 97-98."
./R/ripG.R,8,STALE_OR_DEP,3.3.4,"#' (Schabenberger & Gotway 2005; Sec. 3.3.4; p. 98)."
./R/ripG.R,25,STALE_OR_DEP,3.3.4,"#'   Methods for Spatial Data Analysis; Sec. 3.3.4; p. 98."
./R/ripk.R,68,STALE_OR_DEP,3.4.1,"#'   Spatial Data Analysis; Sec. 3.4.1-3.4.2; pp. 101-103."
./R/ripk.R,68,STALE_OR_DEP,3.4.1,"#'   Spatial Data Analysis; Sec. 3.4.1-3.4.2; pp. 101-103."
./R/rkhsmt.R,17,STALE_OR_DEP,6.8.1,"#' Volume \[Pages 171-208\]; Chapter 6; Section 6.8.1; equation (6.9); p. 191:"
./R/rmsef.R,12,STALE_OR_DEP,4.5.1,"#' doi:10.1007/978-3-030-89010-0.  Chapter 4; Sect. 4.5.1; Eq. (4.1) p. 129 (MSE); Eq."
./R/rmsef.R,27,STALE_OR_DEP,4.5.1,"method = Test-set root mean squared error; MVSML Sect. 4.5.1)"
./R/rnacov_native.R,43,STALE_OR_DEP,22.11.2079,"#     doi:10.1093/nar/22.11.2079."
./R/robust_wilcox.R,55,STALE_OR_DEP,2.4.5,"#' Winsorized values (Wilcox sec. 2.4.5)."
./R/sacrb_native.R,54,STALE_OR_DEP,2.2.2,"# Sec. 2.1 (modified n-gram precision with clipping); Sec. 2.2.2 (the"
./R/sarerr.R,27,STALE_OR_DEP,6.2.2,"#'   Methods for Spatial Data Analysis; Sec. 6.2.2; pp. 335-341."
./R/sarima_native.R,4,STALE_OR_DEP,9.1.3,"# Wiley; ISBN 978-1-118-67502-1. Chapter 9 throughout: Sec. 9.1.3"
./R/sarima_native.R,5,STALE_OR_DEP,9.1.7,"# for the general multiplicative model (9.1.7) and the order notation"
./R/sarima_native.R,6,STALE_OR_DEP,9.2.1,"# (p;d;q)x(P;D;Q)_s; Sec. 9.2.1 for the airline model (9.2.1)-(9.2.2)"
./R/sarima_native.R,6,STALE_OR_DEP,9.2.1,"# (p;d;q)x(P;D;Q)_s; Sec. 9.2.1 for the airline model (9.2.1)-(9.2.2)"
./R/sarima_native.R,6,STALE_OR_DEP,9.2.1,"# (p;d;q)x(P;D;Q)_s; Sec. 9.2.1 for the airline model (9.2.1)-(9.2.2)"
./R/sarima_native.R,7,STALE_OR_DEP,9.2.2,"# and its invertibility region; Sec. 9.2.2 for the difference-equation"
./R/sarima_native.R,8,STALE_OR_DEP,9.2.3,"# forecasts (9.2.3)-(9.2.6); Sec. 9.2.3 for the autocovariances"
./R/sarima_native.R,8,STALE_OR_DEP,9.2.3,"# forecasts (9.2.3)-(9.2.6); Sec. 9.2.3 for the autocovariances"
./R/sarima_native.R,8,STALE_OR_DEP,9.2.3,"# forecasts (9.2.3)-(9.2.6); Sec. 9.2.3 for the autocovariances"
./R/sarima_native.R,9,STALE_OR_DEP,9.2.18,"# (9.2.18); the closed forms for rho_1 and rho_12; Bartlett's variance"
./R/sarima_native.R,10,STALE_OR_DEP,9.2.19,"# (9.2.19) and the preliminary estimates theta ~= 0.39; Theta ~= 0.48"
./R/sarima_native.R,11,STALE_OR_DEP,9.2.4,"# from r_1 = -0.34; r_12 = -0.39; Sec. 9.2.4 for the conditional"
./R/sarima_native.R,12,STALE_OR_DEP,9.2.20,"# recursion (9.2.20); the least-squares estimates 0.40 +/- 0.08 and"
./R/sarima_native.R,14,STALE_OR_DEP,9.2.21,"# (9.2.21); and the R output quoted above; and Part Five; Series G;"
./R/sarima_native.R,254,STALE_OR_DEP,9.2.3,"method = moments from rho_1 and rho_s; Box et al. (2016) Sec. 9.2.3)"
./R/sarima_native.R,737,STALE_OR_DEP,9.2.2,"method = difference-equation forecasts; Box et al. (2016) Sec. 9.2.2)"
./R/sarla.R,47,STALE_OR_DEP,6.2.2.1,"#' @references Anselin (1988); Schabenberger & Gotway (2005); Ch 6; Sec 6.2.2.1."
./R/sarmix.R,90,STALE_OR_DEP,6.2.2,"#'   Schabenberger; O. and Gotway; C. A. (2005); Sec. 6.2.2; pp. 335-341."
./R/sarre.R,56,STALE_OR_DEP,6.2.2.1,"#' @references Anselin (1988); Schabenberger & Gotway (2005); Ch 6; Sec 6.2.2.1."
./R/schaben_native.R,108,STALE_OR_DEP,4.4.2,"#' @references Schabenberger O; Gotway CA (2005); Sec 4.4.2; eq (4.26);"
./R/schaben_native.R,146,STALE_OR_DEP,4.4.1,"#' @references Schabenberger O; Gotway CA (2005); Sec 4.4.1; eq (4.24)"
./R/schaben_native.R,219,STALE_OR_DEP,4.5.3,"#' @references Schabenberger O; Gotway CA (2005); Sec 4.5.3; eq (4.43)"
./R/schaben_native.R,292,STALE_OR_DEP,5.5.4,"#' @references Schabenberger O; Gotway CA (2005); Sec 5.5.4; eq"
./R/sdpwts_native.R,41,STALE_OR_DEP,4.6.2,"# University Press; doi:10.1017/CBO9780511804441. Sec. 4.6.2 (the"
./R/secaead_native.R,35,STALE_OR_DEP,2.8.2,"# 2.6; 2.8; 2.8.2."
./R/selct.R,13,STALE_OR_DEP,4.5.1,"#' doi:10.1007/978-3-030-89010-0.  Chapter 4; Sect. 4.5.1; Eq. (4.1) p. 129 (MSE); Eq."
./R/sensitivity.R,662,STALE_OR_DEP,0.9.5.6,"# and the tighter upper bound is the SMALLER one. v0.9.5.6+ uses"
./R/sensitivity.R,663,STALE_OR_DEP,0.9.5.6,"# the strict-Manski max/min combination; pre-v0.9.5.6 took the"
./R/sgcar.R,86,STALE_OR_DEP,6.2.2.2,"#' @references Schabenberger & Gotway (2005); Sec 6.2.2.2; eqs"
./R/sglm.R,41,STALE_OR_DEP,0.3.0,"stop(sglm: family=; family;  needs PQL/Laplace; tracker for v0.3.0)"
./R/sgnpw.R,3,STALE_OR_DEP,5.4.4,"#' Power function of the two-sided sign test (Gibbons Ch 5.4.4)"
./R/sieg.R,5,STALE_OR_DEP,69.1.242,"#' 69(1); 242-244; doi:10.1093/biomet/69.1.242."
./R/sieg.R,39,STALE_OR_DEP,69.1.242,"#'   doi:10.1093/biomet/69.1.242; the form used is equation (3) of Borowski and"
./R/siu_fetch.R,218,STALE_OR_DEP,0.3.5,"# (>= 0.3.5) -- the ecosystem's C/C++ foundation. It fills the canonical"
./R/siu_fetch.R,553,STALE_OR_DEP,0.3.5,"#' package; \pkg{rmoriebricklayer} (>= 0.3.5): the sixteen panel-reviewed"
./R/siu_fetch.R,579,STALE_OR_DEP,0.3.5,"stop(morie_siu_parse_report() needs rmoriebricklayer >= 0.3.5 ;"
./R/siu_parser.R,47,STALE_OR_DEP,0.1.0,".SIU_R_PARSER_VERSION <- 0.1.0"
./R/smcopt_native.R,6,STALE_OR_DEP,2.3.1,"#   samplers; JRSS-B 68(3); 411-436; section 2.3.1(c). The"
./R/smcopt_native.R,111,STALE_OR_DEP,2.3.1,"& Jasra 2006; section 2.3.1c)))"
./R/smcopt_native.R,127,STALE_OR_DEP,2.3.1,"2006; sec 2.3.1c). Anneal pi_n = pi^phi_n with phi rising; so ;"
./R/smcsam_native.R,7,STALE_OR_DEP,3.1.1,"# Equations 10-12; 30-31; the ESS criterion and section 3.1.1."
./R/smltot.R,19,STALE_OR_DEP,1.2.4,"#'   samplingbook 1.2.4; whose Smean uses the same finite-population-"
./R/smltrt.R,21,STALE_OR_DEP,1.2.4,"#'   matches the samplingbook 1.2.4 convention (N - n)/N used throughout"
./R/smplsz.R,18,STALE_OR_DEP,1.2.4,"#'   package samplingbook 1.2.4; whose sample.size.mean computes"
./R/snmcox_native.R,19,STALE_OR_DEP,79.2.321,"# 321-334; doi:10.1093/biomet/79.2.321."
./R/snmcox_native.R,184,STALE_OR_DEP,79.2.321,"#' doi:10.1093/biomet/79.2.321."
./R/spanis.R,20,STALE_OR_DEP,4.3.7,"#' @references Schabenberger & Gotway (2005); Sec 4.3.7; p. 151."
./R/spatial_voting.R,269,STALE_OR_DEP,0.9.5.6,"# v0.9.5.6+: Aldrich-McKelvey (1977) precision-weighted stimulus"
./R/spatial_voting.R,507,STALE_OR_DEP,0.9.5.6,"# v0.9.5.6+: Kruskal stress-1 normalises by sum(D^2); not by"
./R/spatial_voting.R,2115,STALE_OR_DEP,0.9.5.6,"# across iterations (v0.9.5.6+ strict-identifiability fix)."
./R/spatial_voting.R,2130,STALE_OR_DEP,0.9.5.6,"# v0.9.5.6+: couple the omega standardisation with an alpha + beta"
./R/spatial_voting.R,2132,STALE_OR_DEP,0.9.5.6,"# v0.9.5.6 only standardised omega which silently distorted beta"
./R/spbesf.R,14,STALE_OR_DEP,4.9.2,"#' @references Schabenberger & Gotway (2005); Sec 4.9.2; eq (4.73); p. 210."
./R/spbino.R,10,STALE_OR_DEP,3.2.3,"#' (Sec 3.2.3; process equivalence)."
./R/spbino.R,17,STALE_OR_DEP,3.2.1,"#' @references Schabenberger & Gotway (2005); Sec 3.2.1."
./R/spbym.R,43,STALE_OR_DEP,6.4.3.2,"#'   43(1):1-59; Sec. 4; eqs (4.2)-(4.6); Schabenberger Ch 6; Sec 6.4.3.2"
./R/spcar.R,19,STALE_OR_DEP,6.2.2.2,"#' @references Schabenberger & Gotway (2005); Sec 6.2.2.2; eqs"
./R/spconv.R,19,STALE_OR_DEP,2.4.2,"#' @references Schabenberger & Gotway (2005); Sec 2.4.2; the boxcar case"
./R/spconv.R,20,STALE_OR_DEP,4.3.3,"#'   reappears at Sec 4.3.3; p. 146."
./R/spcovf.R,23,STALE_OR_DEP,1.4.2,"#' @references Schabenberger & Gotway (2005); Secs 1.4.2; 2.4."
./R/spexp.R,15,STALE_OR_DEP,4.3.2,"#' @references Schabenberger & Gotway (2005); Sec 4.3.2; eq (4.11); p. 144."
./R/spffun.R,17,STALE_OR_DEP,3.3.4,"#' @references Schabenberger & Gotway (2005); Sec 3.3.4; pp. 97-98."
./R/spgaus.R,15,STALE_OR_DEP,4.3.2,"#' @references Schabenberger & Gotway (2005); Sec 4.3.2; eq (4.10); p. 143."
./R/spgfun.R,14,STALE_OR_DEP,3.3.4,"#' @references Schabenberger & Gotway (2005); Sec 3.3.4; pp. 97-98."
./R/spglmk.R,30,STALE_OR_DEP,6.3.6,"#' @references Schabenberger Ch 6; Sec 6.3.6; eqs (6.87)-(6.91)"
./R/spglmm.R,13,STALE_OR_DEP,6.3.4,"#' The trap this function makes visible is the one Sec. 6.3.4 spells out. In"
./R/spglmm.R,33,STALE_OR_DEP,6.3.4,"#' @references Schabenberger Ch 6; Sec 6.3.4; eqs (6.73)-(6.74); Example 6.6"
./R/spgls.R,23,STALE_OR_DEP,6.2.3,"#' @references Schabenberger & Gotway (2005); Sec 6.2.3 Generalized"
./R/spgwr.R,17,STALE_OR_DEP,6.1.3,"#' @references Schabenberger & Gotway (2005); Sec 6.1.3 Spatially"
./R/spgwrb.R,16,STALE_OR_DEP,9.4.3,"#'     (2013; Sec. 9.4.3) describe as the usual choice.}"
./R/spgwrb.R,22,STALE_OR_DEP,6.1.3.1,"#'     matrix of Sec. 6.1.3.1; p. 317.}"
./R/spgwrb.R,59,STALE_OR_DEP,6.1.3.1,"#' @references Schabenberger Ch 6; Sec 6.1.3.1; pp. 316-317 -- the model; the"
./R/spgwrb.R,62,STALE_OR_DEP,9.4.3,"#'   Pebesma & Gomez-Rubio (2013); Sec 9.4.3; p. 318. Hurvich; Simonoff & Tsai"
./R/spgwrk.R,9,STALE_OR_DEP,6.1.3.1,"#' from s0 (Sec. 6.1.3.1; p. 317) and refer the reader to the kernels of"
./R/spgwrk.R,10,STALE_OR_DEP,5.3.2,"#' Sec. 5.3.2 and to Fotheringham et al. (2002); the four kernels named here"
./R/spgwrk.R,25,STALE_OR_DEP,5.3.2,"#' Sec. 5.3.2 writes its Gaussian as a probability density;"
./R/spgwrk.R,41,STALE_OR_DEP,5.3.2,"#' @param normalized Logical; return Sec. 5.3.2's density form. Gaussian only."
./R/spgwrk.R,44,STALE_OR_DEP,5.3.2,"#' @references Schabenberger Ch 5; Sec 5.3.2; pp. 240-241; and Ch 6;"
./R/spgwrk.R,45,STALE_OR_DEP,6.1.3.1,"#'   Sec 6.1.3.1; p. 317. Cleveland; W. S. (1979); JASA 74:829-836; for the"
./R/spicar.R,16,STALE_OR_DEP,6.4.3,"#' @references Schabenberger & Gotway (2005); Sec 6.4.3 Selected"
./R/spiso.R,8,STALE_OR_DEP,4.3.7,"#' correction of Sec 4.3.7."
./R/spiso.R,23,STALE_OR_DEP,4.3.7,"#' @references Schabenberger & Gotway (2005); Sec 2.2; correction Sec 4.3.7."
./R/spkcrs.R,34,STALE_OR_DEP,3.4.4,"#' @references Schabenberger Ch 3; Sec 3.4.4; eqs (3.9)-(3.10); pp. 103-105."
./R/spkfun.R,18,STALE_OR_DEP,3.4.1,"#' @references Schabenberger & Gotway (2005); Secs 3.4.1-3.4.2;"
./R/spkfun.R,18,STALE_OR_DEP,3.4.1,"#' @references Schabenberger & Gotway (2005); Secs 3.4.1-3.4.2;"
./R/splfun.R,15,STALE_OR_DEP,3.4.2,"#' @references Schabenberger & Gotway (2005); Sec 3.4.2; p. 103."
./R/splgk.R,24,STALE_OR_DEP,5.6.1,"#' @references Schabenberger Ch 5; Sec 5.6.1"
./R/spmatr.R,22,STALE_OR_DEP,4.3.2,"#' @references Schabenberger & Gotway (2005); Sec 4.3.2; eq (4.9); p. 143."
./R/spmenv.R,26,STALE_OR_DEP,1.3.2,"#' @references Schabenberger Ch 1; Sec 1.3.2; eqs (1.14)-(1.15); pp. 21-23;"
./R/spmidw.R,5,STALE_OR_DEP,8.3.1,"#' Bivand; Pebesma and Gomez-Rubio (2013); Sec. 8.3.1 -- NOT a Schabenberger"
./R/spmidw.R,29,STALE_OR_DEP,8.3.1,"#'   Applied Spatial Data Analysis with R; 2nd ed.; Springer; Sec. 8.3.1."
./R/spmsim.R,56,STALE_OR_DEP,2.3.3.2,"#'   Fotheringham; Oshan & Li (2024) Sec. 2.3.3.2 states that comparing the"
./R/spmsim.R,73,STALE_OR_DEP,2.3.2,"#'   Practice; 1st ed.; CRC Press; doi:10.1201/9781003435464 -- Sec. 2.3.2"
./R/spmsim.R,74,STALE_OR_DEP,2.3.3.2,"#'   eqs (2.38)-(2.39) restate the SOC; Sec. 2.3.3.2 and Sec. 6.3 require"
./R/spmsim.R,77,STALE_OR_DEP,6.1.3.1,"#'   implementation. Schabenberger Ch 6; Sec 6.1.3.1; pp. 316-317; for the"
./R/spmwst.R,34,STALE_OR_DEP,8.3.1,"#' @references Schabenberger Ch 8; Sec 8.3.1; pp. 425-426. Haas (1990);"
./R/spmwst.R,68,STALE_OR_DEP,8.3.1,"sites; below the 35 that Sec. 8.3.1 sets as the starting point ;"
./R/spnest.R,14,STALE_OR_DEP,4.3.6,"#' @references Schabenberger & Gotway (2005); Sec 4.3.6; eqs (4.22)-(4.23); p. 150."
./R/spnscl.R,27,STALE_OR_DEP,3.7.2,"#' @references Schabenberger & Gotway (2005); Sec 3.7.2; pp. 126-128."
./R/spnsr.R,19,STALE_OR_DEP,5.2.3,"#' @references Schabenberger & Gotway (2005); Sec 5.2.3; p. 228."
./R/spnst.R,11,STALE_OR_DEP,8.2.1,"#' Sec. 8.2.1 states that \eqn{\theta_1 > 0} and"
./R/spnst.R,20,STALE_OR_DEP,8.2.1,"#' heteroscedastic form that does not appear in Sec. 8.2.1."
./R/spnst.R,34,STALE_OR_DEP,8.2.1,"#' @references Schabenberger Ch 8; Sec 8.2.1; eq (8.1); pp. 422-423."
./R/spnug.R,15,STALE_OR_DEP,4.3.6,"#' @references Schabenberger & Gotway (2005); Sec 4.3.6; p. 150."
./R/spols.R,19,STALE_OR_DEP,4.5.1,"#' @references Schabenberger Ch 4; Sec 4.5.1"
./R/spperiod.R,26,STALE_OR_DEP,4.7.1,"#' @references Schabenberger Ch 4; Sec 4.7.1; eqs (4.56)-(4.59); pp. 190-192"
./R/sppois.R,4,STALE_OR_DEP,3.2.2,"#' Two defining properties (Sec 3.2.2): N(A) ~ Poisson(lambda nu(A)) for"
./R/sppois.R,7,STALE_OR_DEP,3.2.1,"#' which is exactly the binomial process of Sec 3.2.1 and is how an HPP"
./R/sppois.R,16,STALE_OR_DEP,3.2.2,"#' @references Schabenberger & Gotway (2005); Sec 3.2.2."
./R/sppow.R,13,STALE_OR_DEP,4.3.5,"#' @references Schabenberger & Gotway (2005); Sec 4.3.5; eq (4.21); p. 149."
./R/sppql.R,36,STALE_OR_DEP,6.3.5,"#' @references Schabenberger Ch 6; Sec 6.3.5; eqs (6.78)-(6.85)"
./R/sppql.R,64,STALE_OR_DEP,6.3.5.3,"solution; so the two are not agreeing here as Sec. 6.3.5.3 says;"
./R/spreml.R,5,STALE_OR_DEP,4.5.2,"#' Follows Sec. 4.5.2 and Sec. 5.5.3. The matrix of error contrasts K is"
./R/spreml.R,5,STALE_OR_DEP,4.5.2,"#' Follows Sec. 4.5.2 and Sec. 5.5.3. The matrix of error contrasts K is"
./R/spreml.R,10,STALE_OR_DEP,5.5.2,"#' Sec. 5.5.2 names the optimiser (Newton-Raphson; Quasi-Newton; or some"
./R/spreml.R,20,STALE_OR_DEP,4.5.2,"#' K is not unique. Sec. 4.5.2 writes it explicitly for the intercept-only"
./R/spreml.R,36,STALE_OR_DEP,4.5.2,"#' @references Schabenberger Ch 4; Sec 4.5.2"
./R/spsar.R,12,STALE_OR_DEP,6.2.2.1,"#' @references Schabenberger & Gotway (2005); Sec 6.2.2.1"
./R/spsemv.R,14,STALE_OR_DEP,1.4.3,"#' @references Schabenberger & Gotway (2005); Sec 1.4.3 / Ch 4."
./R/spskrg.R,20,STALE_OR_DEP,5.2.1,"#' @references Schabenberger & Gotway (2005); Sec 5.2.1; eqs (5.10)-(5.11);"
./R/spsph.R,16,STALE_OR_DEP,4.3.3,"#' @references Schabenberger & Gotway (2005); Sec 4.3.3; eqs (4.13); (4.15); pp. 146-147."
./R/spssoc.R,11,STALE_OR_DEP,1.4.2,"#' @references Schabenberger & Gotway (2005); Sec 1.4.2 / Ch 2."
./R/spstcn.R,11,STALE_OR_DEP,9.3.1,"#' `monotone` -- Gneiting (2002); Sec. 9.3.1; eqs (9.7)-(9.9)."
./R/spstcn.R,25,STALE_OR_DEP,6.2.3,"#' correction of Sec. 6.2.3."
./R/spstcn.R,45,STALE_OR_DEP,9.3.2,"#' The Cressie and Huang (1999) spectral route of Sec. 9.3.2 is deliberately"
./R/spstp.R,18,STALE_OR_DEP,9.5.3,"#' \eqn{D}. Sec. 9.5.3 gives the consistency checks: under first-order"
./R/spstp.R,34,STALE_OR_DEP,9.5.3,"#' \eqn{D \times T} by the analogy Sec. 9.5.3 itself draws. The index is"
./R/spstp.R,38,STALE_OR_DEP,9.5.1,"#' `process_type` records which of the Sec. 9.5.1 types the data are taken to"
./R/spstp.R,93,STALE_OR_DEP,9.5.1,"from a pattern sampled in time (Sec. 9.5.1); an event absent at the;"
./R/sptag.R,3,STALE_OR_DEP,3.2.2,"#' Pairwise vote-agreement matrix (Armstrong sec. 3.2.2; p.88)"
./R/sptag.R,4,STALE_OR_DEP,3.2.2,"#' @details Verified against the Armstrong PDF: section 3.2.2 90th US Senate"
./R/sptgk.R,12,STALE_OR_DEP,5.6.2,"#' @references Schabenberger Ch 5; Sec 5.6.2; eq (5.60)"
./R/sptgk.R,33,STALE_OR_DEP,5.6.2,"#' @references Schabenberger Ch 5; Sec 5.6.2; eq (5.60)"
./R/sptgk.R,64,STALE_OR_DEP,5.6.2,"#' @references Schabenberger Ch 5; Sec 5.6.2"
./R/spthom.R,22,STALE_OR_DEP,3.7.2,"#'   Schabenberger & Gotway (2005) Sec 3.7.2; pp. 126-128; which does not"
./R/spwkth.R,22,STALE_OR_DEP,2.5.3,"#' @references Schabenberger & Gotway (2005); Sec 2.5.3; eq (2.27); pp. 66-68."
./R/spwls.R,27,STALE_OR_DEP,4.5.1,"#' @references Schabenberger Ch 4; Sec 4.5.1"
./R/statistics.R,1009,STALE_OR_DEP,4.7.1,"#   Table 4.7.1 (p. 139) Anderson-Darling modifications + upper tail points"
./R/statistics.R,1011,STALE_OR_DEP,4.7.1,"# 4.7.1 from Stephens (1986) in D'Agostino & Stephens; Goodness-of-Fit"
./R/statistics.R,1097,STALE_OR_DEP,4.7.1,"# Upper tail percentage points heading Table 4.7.1."
./R/statistics.R,1100,STALE_OR_DEP,4.7.1,"# Table 4.7.1 rows actually used here: the two composite-hypothesis cases."
./R/statistics.R,1134,STALE_OR_DEP,4.7.1,"#' Inference}; 5th edn. CRC Press. Section 4.7 and Table 4.7.1."
./R/statistics.R,1458,STALE_OR_DEP,0.9.6,"#' Internal Shapiro-Wilk and Jarque-Bera helpers were removed in v0.9.6;"
./R/stratm.R,23,STALE_OR_DEP,1.2.4,"#'   reference implementation in the CRAN package samplingbook 1.2.4;"
./R/strtfd.R,21,STALE_OR_DEP,1.2.4,"#'   CRAN package samplingbook 1.2.4; whose stratasamp uses exactly these"
./R/survival_more.R,128,STALE_OR_DEP,4.5.4,"#' (4.5.4)."
./R/survival_more.R,136,STALE_OR_DEP,4.5.4,"#' Springer; eq. (4.5.4)."
./R/survival_more.R,142,STALE_OR_DEP,4.5.4,"# the variance of Klein and Moeschberger (2003) eq. (4.5.4).  The"
./R/survival_more.R,195,STALE_OR_DEP,4.5.4,"method = paste(Klein and Moeschberger (2003) eq. (4.5.4);;"
./R/svycox_native.R,61,STALE_OR_DEP,79.1.139,"# doi:10.1093/biomet/79.1.139. The weighted estimating equation above;"
./R/thfdt.R,4,STALE_OR_DEP,8.3.1,"#' (Gibbons Ch 8.3.1)"
./R/tlclust_native.R,16,STALE_OR_DEP,285.4.413,"# of Belarus; JAMA 285(4); 413-420; doi:10.1001/jama.285.4.413."
./R/tmlboo.R,23,STALE_OR_DEP,2.1.1,"#' @references Verified against the CRAN package tmle 2.1.1 (Gruber & van"
./R/tmlcat.R,22,STALE_OR_DEP,2.1.1,"#' @references Verified against the CRAN package tmle 2.1.1 (Gruber & van"
./R/tmlcde.R,27,STALE_OR_DEP,2.1.1,"#'   verified in the CRAN package tmle 2.1.1 (Gruber & van der Laan); with"
./R/tmlcds_native.R,12,STALE_OR_DEP,10.1.1,"# Examples 10.2 and 10.3; Sec. 10.1.1)."
./R/tmlcom.R,23,STALE_OR_DEP,2.1.1,"#'   2.1.1 (Gruber & van der Laan); the bounded-continuous-outcome"
./R/tmlinf.R,18,STALE_OR_DEP,2.1.1,"#' @references Verified against the CRAN package tmle 2.1.1 (Gruber & van"
./R/tmlmrd.R,23,STALE_OR_DEP,2.1.1,"#'   package tmle 2.1.1 (Gruber & van der Laan); its fluctuation glm and"
./R/tmlmro.R,21,STALE_OR_DEP,2.1.1,"#' @references Verified against the CRAN package tmle 2.1.1 (Gruber & van"
./R/tmlqsa.R,19,STALE_OR_DEP,2.1.1,"#' @references Verified against the CRAN package tmle 2.1.1 (Gruber & van"
./R/tmlsta.R,18,STALE_OR_DEP,2.1.1,"#' @references Verified against the CRAN package tmle 2.1.1 (Gruber & van"
./R/tmlvts.R,21,STALE_OR_DEP,2.1.1,"#'   var.psi <- var(IC)/n of the CRAN package tmle 2.1.1 (Gruber & van der"
./R/tps_hawkes_advanced.R,147,STALE_OR_DEP,0.9.5.6,"# v0.9.5.6+: scipy.stats.lomax convention."
./R/tps_hawkes_advanced.R,169,STALE_OR_DEP,0.9.5.6,"lomax = 1 - (psi[2] / (u + psi[2])) ^ psi[1];  # v0.9.5.6+: scipy"
./R/tps_statphysics.R,616,STALE_OR_DEP,0.9.5.6,"# the denominator but still increment n). v0.9.5.6+ uses strict `>`"
./R/trupek_native.R,8,STALE_OR_DEP,6.1.1,"# bookkeeping is Algorithm BTR (6.1.1); the interesting part is the"
./R/trupek_native.R,14,STALE_OR_DEP,6.3.1,"#             convergence (Theorem 6.3.1)."
./R/trupek_native.R,19,STALE_OR_DEP,7.5.1,"#             7.5.1): CG on the model; stopping at the first iterate that"
./R/trupek_native.R,32,STALE_OR_DEP,6.1.1,"#     Algorithm 6.1.1 (BTR); Section 6.3 (Cauchy point); Section 7.3"
./R/trupek_native.R,33,STALE_OR_DEP,7.5.1,"#     (exact subproblem); Algorithm 7.5.1 (Steihaug-Toint)."
./R/trupek_native.R,504,STALE_OR_DEP,6.1.1,"2000; Algorithm 6.1.1) with the %s;"
./R/unclr.R,535,STALE_OR_DEP,7.3.1,"# Theorems 7.3.1-7.3.2."
./R/unclr.R,535,STALE_OR_DEP,7.3.1,"# Theorems 7.3.1-7.3.2."
./R/unclr.R,538,STALE_OR_DEP,7.3.1,"#' Moments of a linear rank statistic (Gibbons & Chakraborti Thm 7.3.1-7.3.2)"
./R/unclr.R,538,STALE_OR_DEP,7.3.1,"#' Moments of a linear rank statistic (Gibbons & Chakraborti Thm 7.3.1-7.3.2)"
./R/unobts.R,17,STALE_OR_DEP,3.3.4,"#' DIFFUSE PRIOR. Sec. 3.3.4's limit of an infinite prior variance is"
./R/unobts.R,22,STALE_OR_DEP,2.3.4,"#' of Sec. 2.3.4 is NOT implemented -- it needs two further states plus a"
./R/vaeCF.R,15,STALE_OR_DEP,2.2.2,"#' the partial regularisation of Section 2.2.2."
./R/vaeCF.R,149,STALE_OR_DEP,2.2.2,"Secs. 2.2; 2.2.2; 4.1)))"
./R/varest.R,6,STALE_OR_DEP,2.1.1,"#' Eq. (2.1.1)/(3.2.1); y_t = nu + A_1 y_\{t-1\} + ... + A_p y_\{t-p\} + u_t;"
./R/varest.R,6,STALE_OR_DEP,2.1.1,"#' Eq. (2.1.1)/(3.2.1); y_t = nu + A_1 y_\{t-1\} + ... + A_p y_\{t-p\} + u_t;"
./R/varest.R,14,STALE_OR_DEP,3.4.5,"#' U'U/(T - Kp - 1). The Gaussian log-likelihood (Eq. 3.4.5) is"
./R/varqc1_native.R,59,STALE_OR_DEP,11.10.1,"#     Bioinformatics 43; 11.10.1-11.10.33."
./R/varqc1_native.R,59,STALE_OR_DEP,11.10.1,"#     Bioinformatics 43; 11.10.1-11.10.33."
./R/vdwrd.R,4,STALE_OR_DEP,8.3.2,"#' (Gibbons Ch 8.3.2)"
./R/wasserman_native.R,1314,STALE_OR_DEP,5.3.2,"#' Closeness centrality (Wasserman & Faust Ch 5.3.2; sgtclo)"
./R/wsm_native.R,63,STALE_OR_DEP,3.4.2,"# Silverman Sec. 3.4.2. 3.28 is 1.06 sigma n^(-1/5); the pure"
./R/wsm_native.R,70,STALE_OR_DEP,3.4.2,"#' Silverman Sec. 3.4.2. 3.28 is 1.06 sigma n^(-1/5); the pure"
./R/wsm_native.R,165,STALE_OR_DEP,3.4.2,"#'   Sec. 3.4.2 Eqs. (3.28)-(3.31); Rosenblatt (1956); Parzen (1962)."
./R/wsm_native.R,304,STALE_OR_DEP,2.2.4,"#'   Sec. 2.2.4; Ch. 10 for the bootstrap; von Mises (1947)."
./R/wsm_native.R,408,STALE_OR_DEP,2.2.6,"#'   Sec. 2.2.6; Fisher (1922)."
./R/wsmstn.R,13,STALE_OR_DEP,9.13.2,"#' @references Wasserman (2004); All of Statistics; Section 9.13.2;"
./R/wsrpw.R,4,STALE_OR_DEP,5.7.3,"#' (Gibbons Ch 5.7.3)"
./README.md,130,STALE_OR_DEP,1.1.4,"## What's in v1.1.4"
./README.md,297,STALE_OR_DEP,1.1.4,"Since 1.1.4 the subsystem is layered on the compiled SIU core in"
./cran-comments.md,1,STALE_OR_DEP,1.1.5,"# cran-comments.md — rmorie 1.1.5"
./data-raw/srr-ledger.md,3,STALE_OR_DEP,1.0.0,"Generated 2026-07-10 from `R/srr-stats-standards.R` (`srr::srr_stats_roxygen`; srr 1.0.0)."
./man/ARtoCepstrum.Rd,15,STALE_OR_DEP,4.7.3,"h(1) = -a1; h(n) = -a_n - sum_\{k=1\}^\{n-1\} (1 - k/n) a_k h(n-k) Going through the AR coefficients avoids the phase unwrapping the FFT cepstrum needs (Section 4.7.3)."
./man/Acfseg.Rd,6,STALE_OR_DEP,8.5.2,"\title{Section 8.5.2; eqs. (8.27)-(8.29); after Michael and Houchin}"
./man/Admmlasso.Rd,34,STALE_OR_DEP,3.1.1,"Sect. 3.1.1.  Standard published form; the monograph is not in the"
./man/Adstat.Rd,20,STALE_OR_DEP,7.2.8,"Applied Statistics: Methods Using R; section 7.2.8; equation (7.33);"
./man/Adtest.Rd,6,STALE_OR_DEP,4.7.1,"\title{Anderson-Darling W_n^2 -- eq. (4.7.1); p. 138; Table 4.7.1; p. 140}"
./man/Adtest.Rd,6,STALE_OR_DEP,4.7.1,"\title{Anderson-Darling W_n^2 -- eq. (4.7.1); p. 138; Table 4.7.1; p. 140}"
./man/Adtest.Rd,11,STALE_OR_DEP,4.7.1,"Anderson-Darling W_n^2 -- eq. (4.7.1); p. 138; Table 4.7.1; p. 140"
./man/Adtest.Rd,11,STALE_OR_DEP,4.7.1,"Anderson-Darling W_n^2 -- eq. (4.7.1); p. 138; Table 4.7.1; p. 140"
./man/Alfcrop.Rd,38,STALE_OR_DEP,1.2.8,"Supplement section 1.2.8 of Jumper et al. (2021); pp. 7-8.  Training"
./man/Alfcrop.Rd,54,STALE_OR_DEP,1.2.8,"Jumper et al (2021) Nature 596:583-589; Suppl. section 1.2.8"
./man/Alfdgram.Rd,25,STALE_OR_DEP,1.9.8,"Supplement section 1.9.8 of Jumper et al. (2021); p. 39.  The pair"
./man/Alfdgram.Rd,32,STALE_OR_DEP,1.9.8,"Jumper et al (2021) Nature 596:583-589; Suppl. section 1.9.8"
./man/Alfpae.Rd,21,STALE_OR_DEP,1.9.7,"Supplement section 1.9.7 of Jumper et al. (2021); p. 38.  The error in"
./man/Alfpae.Rd,33,STALE_OR_DEP,1.9.7,"Jumper et al (2021) Nature 596:583-589; Suppl. section 1.9.7"
./man/Alfviol.Rd,44,STALE_OR_DEP,1.9.11,"Supplement section 1.9.11; equations (44)-(47) of Jumper et al. (2021);"
./man/AmSig.Rd,6,STALE_OR_DEP,5.5.1,"\title{Section 5.5.1: y(t) = x(t) cos(wc t) -- double-sideband SUPPRESSED}"
./man/AncInput.Rd,6,STALE_OR_DEP,3.10.1,"\title{Section 3.10.1: the primary input is x = v + m.  The method needs the}"
./man/Ansbrad.Rd,6,STALE_OR_DEP,9.3.1,"\title{Freund-Ansari-Bradley-David-Barton test -- eq. (9.3.1); p. 316}"
./man/Ansbrad.Rd,11,STALE_OR_DEP,9.3.1,"Freund-Ansari-Bradley-David-Barton test -- eq. (9.3.1); p. 316"
./man/ApneaEdr.Rd,6,STALE_OR_DEP,10.2.5,"\title{Section 10.2.5 frames the problem and the AHI but gives NO detection}"
./man/Arckern.Rd,27,STALE_OR_DEP,8.2.2,"Montesinos Lopez; Montesinos Lopez and Crossa (2022); Multivariate Statistical Machine Learning Methods for Genomic Prediction; Springer; doi:10.1007/978-3-030-89010-0.  Chapter 8; Sect. 8.2.2; the arc-cosine kernel named on p. 252 and developed later in the chapter; the implementation delegates to the chapter-8 arc-cosine kernel already verified against the book for this shelf.  Read from the chapter PDF; not recalled."
./man/Arepitman.Rd,6,STALE_OR_DEP,13.2.2,"\title{ARE from derivatives and variances -- Theorem 13.2.2; eq. (13.2.1); p. 485}"
./man/Arepitman.Rd,6,STALE_OR_DEP,13.2.2,"\title{ARE from derivatives and variances -- Theorem 13.2.2; eq. (13.2.1); p. 485}"
./man/Arepitman.Rd,11,STALE_OR_DEP,13.2.2,"ARE from derivatives and variances -- Theorem 13.2.2; eq. (13.2.1); p. 485"
./man/Arepitman.Rd,11,STALE_OR_DEP,13.2.2,"ARE from derivatives and variances -- Theorem 13.2.2; eq. (13.2.1); p. 485"
./man/Basisexp.Rd,26,STALE_OR_DEP,2.6.1,"Learning; 2nd ed.; Springer; Sections 2.6.1 and 2.8.3; book pp. 30 and"
./man/Basisexp.Rd,26,STALE_OR_DEP,2.6.1,"Learning; 2nd ed.; Springer; Sections 2.6.1 and 2.8.3; book pp. 30 and"
./man/Bbb.Rd,6,STALE_OR_DEP,10.2.1,"\title{Section 10.2.1.  Bundle-branch block desynchronises ventricular}"
./man/Bcelo.Rd,24,STALE_OR_DEP,10.7.2,"Montesinos Lopez; Montesinos Lopez and Crossa (2022); Multivariate Statistical Machine Learning Methods for Genomic Prediction; Springer; doi:10.1007/978-3-030-89010-0.  Chapter 10; Sect. 10.7; pp. 400-403.  Read from the chapter PDF; not recalled.  BOOK DEFECT: the display in Sect. 10.7.2 prints this loss without its leading minus sign; even though the same paragraph calls it the negative log-likelihood of a product of Bernoulli distributions and the Poisson loss two displays later does carry its sign.  What is implemented here is the quantity the surrounding text requires -- a loss that is minimised -- not the sign-dropped display.  The book has not been silently corrected elsewhere."
./man/BiDomain.Rd,32,STALE_OR_DEP,7.8.2,"field; Rangayyan (2024) eqs. (7.143)-(7.149); Section 7.8.2."
./man/Binresp.Rd,29,STALE_OR_DEP,4.3.2,"Section 4.3.2; equations (4.20)-(4.21) (page 106).  A"
./man/Bndsbs.Rd,39,STALE_OR_DEP,4.3.3,"distinction is Section 4.3.3 of Molinari; F. (2021); Handbook of"
./man/Bootemp.Rd,48,STALE_OR_DEP,2.2.3,"Semiparametric Inference; Section 2.2.3 and Theorem 2.6. Fetched as"
./man/Bprop.Rd,27,STALE_OR_DEP,10.8.1,"volume [Pages 379-425]; Chapter 10; Sections 10.8 and 10.8.1; equations"
./man/Bprop.Rd,32,STALE_OR_DEP,10.8.1,"Section 10.8.1 gives the algorithm literally: step 9;"
./man/Bsmed.Rd,50,STALE_OR_DEP,7.4.422,"Psychological Methods 7(4); 422-445; doi:10.1037/1082-989X.7.4.422."
./man/Btsmth.Rd,27,STALE_OR_DEP,74.3.469,"to smooth?; Biometrika 74(3); 469-479; doi:10.1093/biomet/74.3.469"
./man/CDemod.Rd,6,STALE_OR_DEP,5.5.1,"\title{Complex demodulation; Sec 5.5.1 eqs (5.16)-(5.19)}"
./man/CPulseFeat.Rd,6,STALE_OR_DEP,1.2.10,"\title{Carotid pulse landmarks (Section 1.2.10) and the systolic time}"
./man/CadPipe.Rd,17,STALE_OR_DEP,10.4.1,"accuracy quoted for it means nothing unless the test patterns were unseen. Prototype discriminant of 10.4.1; partitioning of 10.10.3; scored by eqs (10.100)-(10.103)."
./man/CadPipe.Rd,17,STALE_OR_DEP,10.4.1,"accuracy quoted for it means nothing unless the test patterns were unseen. Prototype discriminant of 10.4.1; partitioning of 10.10.3; scored by eqs (10.100)-(10.103)."
./man/Causbckd.Rd,24,STALE_OR_DEP,3.3.1,"Statistics Surveys 3; Eq. 25; Section 3.3.1) for a binary treatment"
./man/Causbckd.Rd,39,STALE_OR_DEP,3.3.1,"Eq. 25; Section 3.3.1; local copy"
./man/Ccelo.Rd,25,STALE_OR_DEP,10.7.2,"Montesinos Lopez; Montesinos Lopez and Crossa (2022); Multivariate Statistical Machine Learning Methods for Genomic Prediction; Springer; doi:10.1007/978-3-030-89010-0.  Chapter 10; Sect. 10.7; pp. 400-403.  Read from the chapter PDF; not recalled.  BOOK DEFECT: the display in Sect. 10.7.2 prints this loss without its leading minus sign; even though the same paragraph calls it the negative log-likelihood of a product of Bernoulli distributions and the Poisson loss two displays later does carry its sign.  What is implemented here is the quantity the surrounding text requires -- a loss that is minimised -- not the sign-dropped display.  The book has not been silently corrected elsewhere."
./man/Chigof.Rd,6,STALE_OR_DEP,4.2.1,"\title{Chi-square goodness of fit -- eq. (4.2.1); p. 104}"
./man/Chigof.Rd,11,STALE_OR_DEP,4.2.1,"Chi-square goodness of fit -- eq. (4.2.1); p. 104"
./man/Chik2.Rd,6,STALE_OR_DEP,14.3.2,"\title{k x 2 equal-proportions test -- eq. (14.3.2); p. 514}"
./man/Chik2.Rd,11,STALE_OR_DEP,14.3.2,"k x 2 equal-proportions test -- eq. (14.3.2); p. 514"
./man/CnnSig.Rd,6,STALE_OR_DEP,10.8.2,"\title{Section 10.8.2 names CNNs as the common deep model but gives no layer}"
./man/Comptml.Rd,41,STALE_OR_DEP,2.1.1,"2.1.1 (Gruber & van der Laan); the bounded-continuous-outcome"
./man/Consist.Rd,6,STALE_OR_DEP,1.2.10,"\title{Consistency of a test -- Sec. 1.2.10; p. 23}"
./man/Consist.Rd,11,STALE_OR_DEP,1.2.10,"Consistency of a test -- Sec. 1.2.10; p. 23"
./man/CorSound.Rd,20,STALE_OR_DEP,7.7.2,"Rangayyan (2024) eqs. (7.135)-(7.136); Section 7.7.2."
./man/Ctrlmed.Rd,6,STALE_OR_DEP,6.5.1,"\title{Control median test -- Sec. 6.5; eq. (6.5.1); p. 256}"
./man/Ctrlmed.Rd,11,STALE_OR_DEP,6.5.1,"Control median test -- Sec. 6.5; eq. (6.5.1); p. 256"
./man/Ctrlmedcur.Rd,6,STALE_OR_DEP,6.5.2,"\title{Curtailed control median test -- eq. (6.5.2); p. 258}"
./man/Ctrlmedcur.Rd,11,STALE_OR_DEP,6.5.2,"Curtailed control median test -- eq. (6.5.2); p. 258"
./man/Ctrlmedpow.Rd,6,STALE_OR_DEP,6.5.2,"\title{Control median test power -- Sec. 6.5.2; p. 258}"
./man/Ctrlmedpow.Rd,11,STALE_OR_DEP,6.5.2,"Control median test power -- Sec. 6.5.2; p. 258"
./man/Ctrltree.Rd,6,STALE_OR_DEP,10.7.3,"\title{Treatments-vs-control precedence test -- eq. (10.7.3); p. 373}"
./man/Ctrltree.Rd,11,STALE_OR_DEP,10.7.3,"Treatments-vs-control precedence test -- eq. (10.7.3); p. 373"
./man/Cv1gn.Rd,24,STALE_OR_DEP,4.3.6,"as rendered pages.  Volume [Pages 109-139]; Chapter 4; Section 4.3.6;"
./man/Cv1gn.Rd,29,STALE_OR_DEP,4.5.1,"4.5.1; equation (4.2); p. 129; gives the predictive ability as Pearson's"
./man/DicNotch.Rd,6,STALE_OR_DEP,4.3.5,"\title{Lehner and Rangayyan; Section 4.3.5.  The noncausal least-squares}"
./man/Difsib.Rd,42,STALE_OR_DEP,1.46.1,"package \pkg{mirt} (mirt 1.46.1; \code{R/SIBTEST.R}); implementing"
./man/Dnnmt.Rd,27,STALE_OR_DEP,12.4.1,"three-hidden-layer stack of Section 12.4.1.}"
./man/Dnnmt.Rd,32,STALE_OR_DEP,12.4.1,"linear; Section 12.4.1 uses relu.}"
./man/Dnnmt.Rd,34,STALE_OR_DEP,12.4.1,"\item{out_activation}{head activation; Section 12.4.1 uses linear for"
./man/Dnnmt.Rd,59,STALE_OR_DEP,12.4.1,"The ARCHITECTURE is Chapter 12; Section 12.4.1; DNN with Multivariate"
./man/Dnnmt.Rd,67,STALE_OR_DEP,10.8.1,"The TRAINING EQUATIONS are Chapter 10; Section 10.8.1; volume"
./man/Dnnmt.Rd,84,STALE_OR_DEP,10.8.2,"in the printed form so that the hand computation of Section 10.8.2 reproduces"
./man/Dnnmt.Rd,92,STALE_OR_DEP,12.4.1,"MULTI-TRAIT LOSS.  Section 12.4.1 weights each head; so the joint loss is"
./man/Dnnmt.Rd,112,STALE_OR_DEP,12.4.1,"DEPARTURES FROM SECTION 12.4.1; stated rather than papered over.  DROPOUT IS"
./man/Dpineq.Rd,22,STALE_OR_DEP,2.8.1,"Cover & Thomas (2006); Section 2.8; Theorem 2.8.1; p. 34.  A"
./man/Dpineq.Rd,30,STALE_OR_DEP,2.8.1,"Cover & Thomas (2006); Theorem 2.8.1."
./man/Dpsing.Rd,25,STALE_OR_DEP,4.1.5,"4.1.5; Proposition 4.8; crediting Antoniak (1974); Annals of"
./man/EcgEmgCpl.Rd,6,STALE_OR_DEP,2.2.6,"\title{Section 2.2.6 (EMG RMS and mean frequency rise with contraction)}"
./man/EcgEmgCpl.Rd,17,STALE_OR_DEP,2.2.5,"meets Section 2.2.5 (rate rises with effort).  Both series are sampled on the same beat grid so the correlation between them is well defined."
./man/EcgFeat.Rd,6,STALE_OR_DEP,1.2.4,"\title{Section 1.2.4 waves and intervals.  Amplitudes are measured against}"
./man/Edfbinom.Rd,6,STALE_OR_DEP,2.3.1,"\title{EDF count is binomial -- Gibbons Theorem 2.3.1 (book p. 33)}"
./man/Edfbinom.Rd,11,STALE_OR_DEP,2.3.1,"EDF count is binomial -- Gibbons Theorem 2.3.1 (book p. 33)"
./man/Edfstep.Rd,6,STALE_OR_DEP,2.3.1,"\title{Empirical distribution function -- eq. (2.3.1); p. 32}"
./man/Edfstep.Rd,11,STALE_OR_DEP,2.3.1,"Empirical distribution function -- eq. (2.3.1); p. 32"
./man/EdrSignal.Rd,6,STALE_OR_DEP,2.2.4,"\title{Section 2.2.4 for the physiology; the estimator is Arunachalam and}"
./man/EegBands.Rd,6,STALE_OR_DEP,1.2.6,"\title{Band limits from Section 1.2.6; fractional power by eq (6.44) as used}"
./man/EegBands.Rd,16,STALE_OR_DEP,10.2.3,"in Section 10.2.3.  The clinical question -- is there an alpha rhythm -- is answered by the fraction of power in that band; not by the power."
./man/Efficacy.Rd,6,STALE_OR_DEP,13.2.4,"\title{Efficacy -- eq. (13.2.4); p. 486}"
./man/Efficacy.Rd,11,STALE_OR_DEP,13.2.4,"Efficacy -- eq. (13.2.4); p. 486"
./man/Effsign.Rd,6,STALE_OR_DEP,13.3.3,"\title{Sign test efficacy -- eq. (13.3.3); p. 489}"
./man/Effsign.Rd,11,STALE_OR_DEP,13.3.3,"Sign test efficacy -- eq. (13.3.3); p. 489"
./man/Efft.Rd,6,STALE_OR_DEP,13.3.2,"\title{One-sample t efficacy -- eq. (13.3.2); p. 488}"
./man/Efft.Rd,11,STALE_OR_DEP,13.3.2,"One-sample t efficacy -- eq. (13.3.2); p. 488"
./man/Efft2.Rd,6,STALE_OR_DEP,13.3.9,"\title{Two-sample t efficacy -- eq. (13.3.9); p. 494}"
./man/Efft2.Rd,11,STALE_OR_DEP,13.3.9,"Two-sample t efficacy -- eq. (13.3.9); p. 494"
./man/Effwrs.Rd,6,STALE_OR_DEP,13.3.10,"\title{Mann-Whitney / rank-sum efficacy -- eq. (13.3.10); p. 494}"
./man/Effwrs.Rd,11,STALE_OR_DEP,13.3.10,"Mann-Whitney / rank-sum efficacy -- eq. (13.3.10); p. 494"
./man/Effwsr.Rd,6,STALE_OR_DEP,13.3.4,"\title{Signed-rank efficacy -- eq. (13.3.4); p. 490}"
./man/Effwsr.Rd,11,STALE_OR_DEP,13.3.4,"Signed-rank efficacy -- eq. (13.3.4); p. 490"
./man/EmdEns.Rd,6,STALE_OR_DEP,9.4.1,"\title{Ensemble EMD; Sec 9.4.1 eq (9.13)}"
./man/Enetobj.Rd,35,STALE_OR_DEP,3.6.2,"Montesinos Lopez; Montesinos Lopez and Crossa (2022); Multivariate Statistical Machine Learning Methods for Genomic Prediction; Springer; doi:10.1007/978-3-030-89010-0.  Chapter 3; Sect. 3.6.2 p. 94 describes the elastic net as the combination of the ridge and lasso penalties implemented by glmnet; and Chapter 7 p. 230 defines its mixing parameter alpha: alpha = 0 gives the ridge penalty; alpha = 1 the lasso; and values in between the elastic net.  The book names those two endpoints but does not print the mixed objective itself; the (1 - alpha)/2 and alpha weights are the glmnet parameterization of Friedman; Hastie and Tibshirani (2010); Regularization Paths for Generalized Linear Models via Coordinate Descent; Journal of Statistical Software 33(1):1-22; doi:10.18637/jss.v033.i01; which is the package the book cites for this penalty.  Both chapters read from the PDFs; the mixing weights come from the cited paper; and the endpoints agree with the book: alpha = 0 reproduces MVSML Sect. 3.6.1 up to the factor 1/2 on the ridge term; alpha = 1 reproduces Sect. 3.6.2 exactly."
./man/Enetobj.Rd,35,STALE_OR_DEP,3.6.2,"Montesinos Lopez; Montesinos Lopez and Crossa (2022); Multivariate Statistical Machine Learning Methods for Genomic Prediction; Springer; doi:10.1007/978-3-030-89010-0.  Chapter 3; Sect. 3.6.2 p. 94 describes the elastic net as the combination of the ridge and lasso penalties implemented by glmnet; and Chapter 7 p. 230 defines its mixing parameter alpha: alpha = 0 gives the ridge penalty; alpha = 1 the lasso; and values in between the elastic net.  The book names those two endpoints but does not print the mixed objective itself; the (1 - alpha)/2 and alpha weights are the glmnet parameterization of Friedman; Hastie and Tibshirani (2010); Regularization Paths for Generalized Linear Models via Coordinate Descent; Journal of Statistical Software 33(1):1-22; doi:10.18637/jss.v033.i01; which is the package the book cites for this penalty.  Both chapters read from the PDFs; the mixing weights come from the cited paper; and the endpoints agree with the book: alpha = 0 reproduces MVSML Sect. 3.6.1 up to the factor 1/2 on the ridge term; alpha = 1 reproduces Sect. 3.6.2 exactly."
./man/Enetobj.Rd,35,STALE_OR_DEP,3.6.2,"Montesinos Lopez; Montesinos Lopez and Crossa (2022); Multivariate Statistical Machine Learning Methods for Genomic Prediction; Springer; doi:10.1007/978-3-030-89010-0.  Chapter 3; Sect. 3.6.2 p. 94 describes the elastic net as the combination of the ridge and lasso penalties implemented by glmnet; and Chapter 7 p. 230 defines its mixing parameter alpha: alpha = 0 gives the ridge penalty; alpha = 1 the lasso; and values in between the elastic net.  The book names those two endpoints but does not print the mixed objective itself; the (1 - alpha)/2 and alpha weights are the glmnet parameterization of Friedman; Hastie and Tibshirani (2010); Regularization Paths for Generalized Linear Models via Coordinate Descent; Journal of Statistical Software 33(1):1-22; doi:10.18637/jss.v033.i01; which is the package the book cites for this penalty.  Both chapters read from the PDFs; the mixing weights come from the cited paper; and the endpoints agree with the book: alpha = 0 reproduces MVSML Sect. 3.6.1 up to the factor 1/2 on the ridge term; alpha = 1 reproduces Sect. 3.6.2 exactly."
./man/EuclP.Rd,23,STALE_OR_DEP,4.6.1,"sec. 4.6.1; run over the reals with a numerical tolerance in place of"
./man/EuclP.Rd,36,STALE_OR_DEP,4.6.1,"Seminumerical Algorithms; 3rd ed.; sec. 4.6.1; Addison-Wesley."
./man/Exactsize.Rd,6,STALE_OR_DEP,1.2.9,"\title{Attainable exact sizes of a discrete test -- Sec. 1.2.9; p. 26}"
./man/Exactsize.Rd,11,STALE_OR_DEP,1.2.9,"Attainable exact sizes of a discrete test -- Sec. 1.2.9; p. 26"
./man/ExerEcgSt.Rd,18,STALE_OR_DEP,1.2.4,"slope of the segment that follows (Section 1.2.4).  The 0.1 mV threshold is the conventional clinical figure; NOT a book value -- the payload says so."
./man/Expkern.Rd,27,STALE_OR_DEP,8.2.2,"Montesinos Lopez; Montesinos Lopez and Crossa (2022); Multivariate Statistical Machine Learning Methods for Genomic Prediction; Springer; doi:10.1007/978-3-030-89010-0.  Chapter 8; Sect. 8.2.2 p. 264: the book calls this the Exponential Kernel; K(x_i; x_j) = exp(-gamma ||x_i - x_j||); and notes it is close to the Gaussian kernel.  NOTE: the placeholder this replaced was named for the Laplacian kernel; the book's display uses the Euclidean norm; not the L1 norm that the name Laplacian kernel usually implies; and the book's form is what is implemented.  Read from the chapter PDF; not recalled."
./man/Fano.Rd,32,STALE_OR_DEP,2.10.1,"Theorem 2.10.1. The worklist filed this under Ghosal Appendix K;"
./man/FdVag.Rd,6,STALE_OR_DEP,6.6.2,"\title{Sections 6.6.2-6.6.3: PSA is the book\'s preferred FD estimator for a}"
./man/FdVag.Rd,6,STALE_OR_DEP,6.6.2,"\title{Sections 6.6.2-6.6.3: PSA is the book\'s preferred FD estimator for a}"
./man/Fhar.Rd,21,STALE_OR_DEP,3.3.1,"Chapter 3; Section 3.3.1 The Fourier basis system for periodic data: the"
./man/Fhar.Rd,27,STALE_OR_DEP,3.3.1,"This is the UNNORMALISED form of Section 3.3.1.  The 1/sqrt(P) and"
./man/FishLda.Rd,6,STALE_OR_DEP,10.4.2,"\title{Section 10.4.2: w = S_W^-1 (m1 - m2); the direction maximizing the}"
./man/FmSig.Rd,18,STALE_OR_DEP,5.5.1,"unlike AM in Section 5.5.1; so the standard definition is used and said so: y = A cos(2 pi fc t + 2 pi kf integral m); f_inst = fc + kf m. The phase integral is trapezoidal; a plain running sum biases it by half a sample of m at each end; which drifts over a long record."
./man/Fnlm.Rd,28,STALE_OR_DEP,16.4.1,"16.1 p. 279 and Section 16.4.1 pp. 291-292; read as rendered page images"
./man/Fnlm.Rd,45,STALE_OR_DEP,16.4.1,"No regularisation is applied: this is Section 16.4.1; Fitting the model"
./man/Fnlm.Rd,46,STALE_OR_DEP,16.4.2,"without regularization.  The penalised variant of Section 16.4.2;"
./man/Fourier.Rd,6,STALE_OR_DEP,3.4.4,"\title{Eqs (3.75)-(3.76); the name Section 3.4.4 uses}"
./man/Fours.Rd,14,STALE_OR_DEP,14.2.1,"\item{period}{P; defaults to the range of t; as Section 14.2.1 suggests.}"
./man/Fours.Rd,22,STALE_OR_DEP,14.2.1,"volume [Pages 579-631]; Chapter 14; Section 14.2.1; p. 584; read as a"
./man/Fpc.Rd,34,STALE_OR_DEP,1.2.4,"implementation in the CRAN package samplingbook 1.2.4; whose Smean"
./man/Friedmc.Rd,6,STALE_OR_DEP,12.2.13,"\title{Friedman multiple comparisons -- eq. (12.2.13); p. 445}"
./man/Friedmc.Rd,11,STALE_OR_DEP,12.2.13,"Friedman multiple comparisons -- eq. (12.2.13); p. 445"
./man/Friedq.Rd,6,STALE_OR_DEP,12.2.8,"\title{Friedman two-way ANOVA by ranks -- eqs. (12.2.8)/(12.2.12); pp. 441-445}"
./man/Friedq.Rd,6,STALE_OR_DEP,12.2.8,"\title{Friedman two-way ANOVA by ranks -- eqs. (12.2.8)/(12.2.12); pp. 441-445}"
./man/Friedq.Rd,11,STALE_OR_DEP,12.2.8,"Friedman two-way ANOVA by ranks -- eqs. (12.2.8)/(12.2.12); pp. 441-445"
./man/Friedq.Rd,11,STALE_OR_DEP,12.2.8,"Friedman two-way ANOVA by ranks -- eqs. (12.2.8)/(12.2.12); pp. 441-445"
./man/Friedties.Rd,6,STALE_OR_DEP,12.2.12,"\title{Tie-corrected Friedman Q -- eq. (12.2.12); p. 445}"
./man/Friedties.Rd,11,STALE_OR_DEP,12.2.12,"Tie-corrected Friedman Q -- eq. (12.2.12); p. 445"
./man/Friedvar.Rd,6,STALE_OR_DEP,12.2.7,"\title{Friedman S and Q moments -- eq. (12.2.7); p. 442}"
./man/Friedvar.Rd,11,STALE_OR_DEP,12.2.7,"Friedman S and Q moments -- eq. (12.2.7); p. 442"
./man/Gausslik.Rd,21,STALE_OR_DEP,2.6.3,"Learning; 2nd ed.; Springer; Section 2.6.3; book p. 31 (PDF p. 50):"
./man/Gesd.Rd,22,STALE_OR_DEP,1.3.5.17,"section 1.3.5.17.3; which states Rosner (1983; Technometrics 25;"
./man/Ghosalabsolutecontinuity.Rd,28,STALE_OR_DEP,1.3.1,"1.3.1 is guarding against."
./man/Ghosalabsolutecontinuity.Rd,40,STALE_OR_DEP,1.3.1,"Nonparametric Bayesian Inference; CUP; section 1.3.1."
./man/Ghosalbbcensored.Rd,33,STALE_OR_DEP,13.7.1,"Nonparametric Bayesian Inference; CUP; section 13.7.1."
./man/Ghosalbernsteinfeller.Rd,36,STALE_OR_DEP,2.3.4,"Nonparametric Bayesian Inference; CUP; section 2.3.4."
./man/Ghosalbpcont.Rd,36,STALE_OR_DEP,13.3.2,"Nonparametric Bayesian Inference; CUP; section 13.3.2."
./man/Ghosalbpdiscrete.Rd,35,STALE_OR_DEP,13.3.1,"Nonparametric Bayesian Inference; CUP; section 13.3.1."
./man/Ghosalbppathgen.Rd,38,STALE_OR_DEP,13.3.3,"Nonparametric Bayesian Inference; CUP; section 13.3.3."
./man/Ghosalcoxbvm.Rd,44,STALE_OR_DEP,13.6.2,"Nonparametric Bayesian Inference; CUP; sections 13.6.2 and 13.7.2."
./man/Ghosalcoxbvm.Rd,44,STALE_OR_DEP,13.6.2,"Nonparametric Bayesian Inference; CUP; sections 13.6.2 and 13.7.2."
./man/Ghosalcoxbvmsp.Rd,37,STALE_OR_DEP,12.3.3,"Nonparametric Bayesian Inference; CUP; section 12.3.3."
./man/Ghosalcoxpost.Rd,25,STALE_OR_DEP,13.6.1,"is not an approximation to be apologised for: section 13.6.1 shows the"
./man/Ghosalcoxpost.Rd,41,STALE_OR_DEP,13.6.1,"Nonparametric Bayesian Inference; CUP; section 13.6.1."
./man/Ghosaleffinflfn.Rd,36,STALE_OR_DEP,12.3.1,"Nonparametric Bayesian Inference; CUP; section 12.3.1."
./man/Ghosalepgp.Rd,41,STALE_OR_DEP,11.7.4,"Nonparametric Bayesian Inference; CUP; section 11.7.4."
./man/Ghosalexplink.Rd,34,STALE_OR_DEP,2.3.1,"Nonparametric Bayesian Inference; CUP; section 2.3.1."
./man/Ghosalfrsbinreg.Rd,38,STALE_OR_DEP,10.4.3,"Nonparametric Bayesian Inference; CUP; section 10.4.3."
./man/Ghosalfrsdensity.Rd,48,STALE_OR_DEP,10.4.1,"Nonparametric Bayesian Inference; CUP; sections 10.4 and 10.4.1."
./man/Ghosalfrspoireg.Rd,36,STALE_OR_DEP,10.4.4,"Nonparametric Bayesian Inference; CUP; section 10.4.4."
./man/Ghosalfrsreg.Rd,34,STALE_OR_DEP,10.4.2,"Nonparametric Bayesian Inference; CUP; section 10.4.2."
./man/Ghosalfuncreg.Rd,37,STALE_OR_DEP,10.4.5,"Nonparametric Bayesian Inference; CUP; section 10.4.5."
./man/Ghosalgpdenscrt.Rd,45,STALE_OR_DEP,11.3.1,"Nonparametric Bayesian Inference; CUP; section 11.3.1 and ch. 11;"
./man/Ghosalgpincreasingprior.Rd,39,STALE_OR_DEP,2.2.2,"Nonparametric Bayesian Inference; CUP; section 2.2.2."
./man/Ghosalgplaplace.Rd,40,STALE_OR_DEP,11.7.5,"Nonparametric Bayesian Inference; CUP; section 11.7.5."
./man/Ghosalgppriordef.Rd,39,STALE_OR_DEP,2.2.1,"Nonparametric Bayesian Inference; CUP; section 2.2.1."
./man/Ghosalhistogramprior.Rd,39,STALE_OR_DEP,2.3.2,"Nonparametric Bayesian Inference; CUP; section 2.3.2."
./man/Ghosalmixbp.Rd,38,STALE_OR_DEP,13.3.4,"Nonparametric Bayesian Inference; CUP; section 13.3.4."
./man/Ghosalmixturebasisprior.Rd,39,STALE_OR_DEP,2.3.3,"Nonparametric Bayesian Inference; CUP; section 2.3.3."
./man/Ghosalntrbvm.Rd,36,STALE_OR_DEP,13.4.2,"Nonparametric Bayesian Inference; CUP; section 13.4.2."
./man/Ghosalntrconsist.Rd,35,STALE_OR_DEP,13.4.1,"Nonparametric Bayesian Inference; CUP; section 13.4.1."
./man/Ghosalparamnpbf.Rd,37,STALE_OR_DEP,10.5.3,"Nonparametric Bayesian Inference; CUP; section 10.5.3."
./man/Ghosalparamrate.Rd,38,STALE_OR_DEP,10.2.2,"Nonparametric Bayesian Inference; CUP; section 10.2.2."
./man/Ghosalselfsimgp.Rd,35,STALE_OR_DEP,11.5.1,"Nonparametric Bayesian Inference; CUP; section 11.5.1."
./man/Ghosalstrictsbvm.Rd,45,STALE_OR_DEP,12.3.2,"Nonparametric Bayesian Inference; CUP; section 12.3.2."
./man/Ghosalstrongapxdp.Rd,35,STALE_OR_DEP,12.2.1,"Nonparametric Bayesian Inference; CUP; section 12.2.1."
./man/Ghosaltwomodeladp.Rd,38,STALE_OR_DEP,10.2.3,"Nonparametric Bayesian Inference; CUP; section 10.2.3."
./man/Ghosalunivweights.Rd,39,STALE_OR_DEP,10.2.1,"Nonparametric Bayesian Inference; CUP; section 10.2.1."
./man/Ghosalwnadapt.Rd,41,STALE_OR_DEP,10.3.2,"Nonparametric Bayesian Inference; CUP; section 10.3.2."
./man/Ghosalwnfullbvm.Rd,38,STALE_OR_DEP,12.4.1,"Nonparametric Bayesian Inference; CUP; section 12.4.1."
./man/Ghosalwnlinbvm.Rd,46,STALE_OR_DEP,12.4.2,"Nonparametric Bayesian Inference; CUP; section 12.4.2."
./man/Gkcov.Rd,70,STALE_OR_DEP,2.1.7,"(Kyushu University Institutional Repository; \code{math0257}); Theorem 2.1.7 --"
./man/Gkcov.Rd,87,STALE_OR_DEP,2.1.7,"Fauzi and Maesono (2023); Theorem 1.4; Fauzi (2020); Kyushu University doctoral thesis; Theorem 2.1.7."
./man/Glpopt.Rd,43,STALE_OR_DEP,2.2.103,"\doi{10.1287/moor.2.2.103}"
./man/Gpkern.Rd,42,STALE_OR_DEP,4.2.4,"for Machine Learning; MIT Press; sect. 4.2.4."
./man/HClust.Rd,6,STALE_OR_DEP,10.5.1,"\title{Section 10.5.1.  Single linkage CHAINS -- it will string distant}"
./man/Hcoreg.Rd,37,STALE_OR_DEP,3.6.5,"BOTH go.  Then E[Z(S)] = alpha lambda mu(S); eq. (3.6.5) p. 48; with"
./man/Hcoreg.Rd,38,STALE_OR_DEP,3.6.6,"alpha = exp(-lambda C_n R^n); eq. (3.6.6) p. 48; and the pair retention"
./man/Hcoreg.Rd,40,STALE_OR_DEP,3.6.4,"eq. (3.6.4) p. 47."
./man/Hcoreg.Rd,45,STALE_OR_DEP,3.6.8,"eq. (3.6.8) p. 48; and k(v) = 0 for 0 < v < R; else"
./man/Hcoreg.Rd,47,STALE_OR_DEP,3.6.9,"/ (lambda^2 gamma U (U - gamma)); eq. (3.6.9) p. 48; with gamma the"
./man/Hcoreg.Rd,50,STALE_OR_DEP,3.4.7,"U is Matern U(a; b; v) of eq. (3.4.7) p. 38; the volume of the UNION of"
./man/Hcoreg.Rd,52,STALE_OR_DEP,3.4.4,"the volume they share; eq. (3.4.4) p. 38.  This function is the planar"
./man/Hcoreg.Rd,62,STALE_OR_DEP,3.6.9,"particular only comes out if (3.6.9) has been transcribed right.  As"
./man/Hexgrd.Rd,49,STALE_OR_DEP,1.28.6,"CRAN hexbin 1.28.6. Archived:"
./man/Hexgrd.Rd,50,STALE_OR_DEP,1.28.6,"fetched-wave3/carr-hexbin_1.28.6-cran-source.tar.gz."
./man/Hmmprf.Rd,35,STALE_OR_DEP,14.9.755,"\doi{10.1093/bioinformatics/14.9.755}; Krogh; Brown; Mian;"
./man/HomDeconv.Rd,6,STALE_OR_DEP,4.7.2,"\title{Section 4.7.2: DFT -> complex log -> IDFT -> lifter -> DFT -> exp ->}"
./man/HomPred.Rd,6,STALE_OR_DEP,4.7.3,"\title{Section 4.7.3.  The two lifters must PARTITION the quefrency axis}"
./man/HomoFilt.Rd,6,STALE_OR_DEP,4.7.1,"\title{Section 4.7.1; Figure 4.23: log -> linear filter -> exp.  The signal}"
./man/HrvTime.Rd,6,STALE_OR_DEP,2.2.5,"\title{SDNN; RMSSD and pNN50.  Section 2.2.5 motivates these but does not}"
./man/Hrzboxc.Rd,37,STALE_OR_DEP,6.1.2,"Econometrics; Springer; Section 6.1.2; page 195 (volume [Pages 189-232];"
./man/Hrzbr5.Rd,24,STALE_OR_DEP,5.2.4,"Econometrics; Springer.  Section 5.2.4; page 153 (volume [Pages 135-188];"
./man/Hrzctrl.Rd,31,STALE_OR_DEP,5.5.2,"Econometrics; Section 5.5.2; pages 186-187.  The model is"
./man/Hrzecfw.Rd,34,STALE_OR_DEP,5.1.1,"of Section 5.1.1 exist."
./man/Hrzph.Rd,36,STALE_OR_DEP,6.2.1,"Econometrics; Springer; Section 6.2.1; pages 201-203 (volume"
./man/Hrzphd.Rd,40,STALE_OR_DEP,6.2.3,"Econometrics; Springer; Section 6.2.3; pages 208-209 (volume"
./man/Hrzphd.Rd,43,STALE_OR_DEP,6.2.2,"identified at the K boundaries only; so the model of Section 6.2.2 -- a"
./man/Hrzphv.Rd,58,STALE_OR_DEP,6.2.2,"Econometrics; Springer; Section 6.2.2; pages 205-208 (volume"
./man/Hrzphvnp.Rd,62,STALE_OR_DEP,6.3.4,"Econometrics; Section 6.3.4; pages 223-226; implementing Horowitz"
./man/Hrzphvnp.Rd,87,STALE_OR_DEP,6.3.1,"orientation to (6.61) in Section 6.3.1; each section is implemented"
./man/Hrzphvnp.Rd,130,STALE_OR_DEP,6.3.4,"6.3.4 contradicts; all checked against pages 223-225:"
./man/Hrzplrq.Rd,33,STALE_OR_DEP,3.6.3,"Econometrics; Section 3.6.3; pages 90-91.  The model is"
./man/Hrzseriu.Rd,30,STALE_OR_DEP,5.4.2,"Econometrics; Section 5.4.2; pages 178-181; following Blundell;"
./man/Hrzseriu.Rd,31,STALE_OR_DEP,5.4.1,"Chen and Kristensen (2007).  Section 5.4.1 estimates the operator"
./man/Hrztiku.Rd,42,STALE_OR_DEP,5.4.1,"Econometrics; Section 5.4.1; pages 171-172.  For Y = g(X) + U with"
./man/Hrztmod.Rd,33,STALE_OR_DEP,6.3.1,"Econometrics; Section 6.3.1; pages 216-218.  The model is"
./man/Hrztmod.Rd,72,STALE_OR_DEP,2.6.1,"Section 2.6.1 with the scale normalisation |beta_1| = 1 (HT2(a));"
./man/Hrzweib.Rd,47,STALE_OR_DEP,6.1.3,"Econometrics; Springer; Section 6.1.3; pages 197-200 (volume"
./man/Htebias.Rd,31,STALE_OR_DEP,2.6.1,"the CRAN package \pkg{grf} (grf 2.6.1; \code{R/forest_summary.R});"
./man/Htpfn.Rd,102,STALE_OR_DEP,14.2.1,"Section 14.2.1 is printed with phi_2 = phi_3; phi_4 = phi_5 and phi_6 ="
./man/Htprd.Rd,29,STALE_OR_DEP,4.4.2,"Chapter 4; Section 4.4.2; p. 127; states the same rule in general terms --"
./man/Htprd.Rd,32,STALE_OR_DEP,4.3.2,"performance on the validation set is chosen -- and Section 4.3.2 with"
./man/IcaFix.Rd,6,STALE_OR_DEP,9.7.2,"\title{Section 9.7.2: model eq (9.43); unmixing eq (9.44).  PCA can only}"
./man/Idealf.Rd,39,STALE_OR_DEP,2.4.3,"section 2.4.3; equations (2.6)-(2.8); p.27."
./man/Itemcf.Rd,25,STALE_OR_DEP,3.2.1,"prediction of their section 3.2.1 is P(u; i) = sum_j s(i;j) R(u;j) /"
./man/Itemcf.Rd,27,STALE_OR_DEP,3.1.3,"with s the adjusted cosine of section 3.1.3; which subtracts each"
./man/Itr2dd.Rd,45,STALE_OR_DEP,31.2.3,"\doi{10.1257/jep.31.2.3}; Sant'Anna and Zhao (2020); Journal of"
./man/Jackvar.Rd,37,STALE_OR_DEP,4.2.5,"ed.; Springer; ch. 4; eq. (4.2.5)."
./man/Jntlmm.Rd,55,STALE_OR_DEP,1.4.465,"1(4):465-480; \doi{10.1093/biostatistics/1.4.465}; Rizopoulos"
./man/Jntlo.Rd,29,STALE_OR_DEP,12.4.5,"them.  Section 12.4.5; p. 504; is the mixed-outcome case.  The chapter also"
./man/Jntlo.Rd,40,STALE_OR_DEP,11.1.3,"Volume [Pages 427-476]; Chapter 11; Section 11.1.3; p. 428; fixes which"
./man/Jntlo.Rd,44,STALE_OR_DEP,10.7.2,"379-425]; Section 10.7.2; p. 401; writes the Poisson loss as"
./man/Jsdiv.Rd,36,STALE_OR_DEP,0.10.0,"Lin (1991); IEEE Transactions on Information Theory 37:145-151.  Paywalled at IEEE; the coded form was read from Drost's philentropy; src/distances_internal.h::jensen_shannon_internal (tarball philentropy_0.10.0 from CRAN); with exactly the zero-guards used here."
./man/Jtmom.Rd,6,STALE_OR_DEP,10.6.2,"\title{JT null moments -- eqs. (10.6.2)-(10.6.3); pp. 365-366}"
./man/Jtmom.Rd,6,STALE_OR_DEP,10.6.2,"\title{JT null moments -- eqs. (10.6.2)-(10.6.3); pp. 365-366}"
./man/Jtmom.Rd,11,STALE_OR_DEP,10.6.2,"JT null moments -- eqs. (10.6.2)-(10.6.3); pp. 365-366"
./man/Jtmom.Rd,11,STALE_OR_DEP,10.6.2,"JT null moments -- eqs. (10.6.2)-(10.6.3); pp. 365-366"
./man/Jtstat.Rd,6,STALE_OR_DEP,10.6.2,"\title{Jonckheere-Terpstra B -- Sec. 10.6; eqs. (10.6.2)-(10.6.3); p. 365}"
./man/Jtstat.Rd,6,STALE_OR_DEP,10.6.2,"\title{Jonckheere-Terpstra B -- Sec. 10.6; eqs. (10.6.2)-(10.6.3); p. 365}"
./man/Jtstat.Rd,11,STALE_OR_DEP,10.6.2,"Jonckheere-Terpstra B -- Sec. 10.6; eqs. (10.6.2)-(10.6.3); p. 365"
./man/Jtstat.Rd,11,STALE_OR_DEP,10.6.2,"Jonckheere-Terpstra B -- Sec. 10.6; eqs. (10.6.2)-(10.6.3); p. 365"
./man/Jtsum.Rd,6,STALE_OR_DEP,10.6.1,"\title{JT as the pairwise U matrix -- Sec. 10.6; eq. (10.6.1); p. 365}"
./man/Jtsum.Rd,11,STALE_OR_DEP,10.6.1,"JT as the pairwise U matrix -- Sec. 10.6; eq. (10.6.1); p. 365"
./man/KFoldCv.Rd,6,STALE_OR_DEP,10.10.3,"\title{Section 10.10.3.  The book\'s point is that the training and test}"
./man/KMeans.Rd,6,STALE_OR_DEP,10.5.1,"\title{Section 10.5.1.  WCSS falls at every step; so the iteration always}"
./man/Kappacoef.Rd,25,STALE_OR_DEP,4.5.2,"Montesinos Lopez; Montesinos Lopez and Crossa (2022); Multivariate Statistical Machine Learning Methods for Genomic Prediction; Springer; doi:10.1007/978-3-030-89010-0.  Chapter 4; Sect. 4.5.2; p. 134; which gives kappa = (P0 - Pe)/(1 - Pe) with P0 the proportion correctly classified and Pe as written above; the book attributes it to Cohen (1960).  Read from the chapter PDF; not recalled."
./man/KatzFd.Rd,15,STALE_OR_DEP,5.13.2,"length; d the greatest distance from the first point; n = L/a. Rangayyan (2024) Section 5.13.2 covers the ruler; box-counting and Higuchi methods instead; so this is cited to Katz.  It mixes the amplitude and time axes; so rescaling the signal changes the answer."
./man/Kctrlasymp.Rd,6,STALE_OR_DEP,10.7.1,"\title{Control-vector covariance -- Theorem 10.7.1; p. 375}"
./man/Kctrlasymp.Rd,11,STALE_OR_DEP,10.7.1,"Control-vector covariance -- Theorem 10.7.1; p. 375"
./man/Kctrlmed.Rd,6,STALE_OR_DEP,10.3.1,"\title{k-sample control median test -- Sec. 10.3; eq. (10.3.1); pp. 350-351}"
./man/Kctrlmed.Rd,11,STALE_OR_DEP,10.3.1,"k-sample control median test -- Sec. 10.3; eq. (10.3.1); pp. 350-351"
./man/Kdfmise.Rd,38,STALE_OR_DEP,5.3.2,"Sec. 5.3.2 attributes to Azzalini."
./man/Kfcve.Rd,23,STALE_OR_DEP,4.3.2,"volume [Pages 109-139]; Chapter 4; Section 4.3.2 and equation (4.1);"
./man/Kfcve.Rd,28,STALE_OR_DEP,4.3.3,"prediction performance; CV_K = (1/K) sum_k MSE_k.  Section 4.3.3 notes"
./man/Klchain.Rd,21,STALE_OR_DEP,2.5.3,"Cover & Thomas (2006); Theorem 2.5.3; eq. (2.67); p. 24; with the"
./man/Klotzsc.Rd,6,STALE_OR_DEP,9.5.1,"\title{Klotz normal-scores scale test -- eq. (9.5.1); p. 322}"
./man/Klotzsc.Rd,11,STALE_OR_DEP,9.5.1,"Klotz normal-scores scale test -- eq. (9.5.1); p. 322"
./man/Knn.Rd,6,STALE_OR_DEP,10.4.4,"\title{Eq (10.29) and Section 10.4.4.  The book is explicit about why k > 1:}"
./man/Kpmsmp.Rd,35,STALE_OR_DEP,67.1.133,"\doi{10.1093/biomet/67.1.133}"
./man/Krankstat.Rd,6,STALE_OR_DEP,10.5.1,"\title{General k-sample rank statistic -- eqs. (10.5.1)-(10.5.2); pp. 362-363}"
./man/Krankstat.Rd,6,STALE_OR_DEP,10.5.1,"\title{General k-sample rank statistic -- eqs. (10.5.1)-(10.5.2); pp. 362-363}"
./man/Krankstat.Rd,11,STALE_OR_DEP,10.5.1,"General k-sample rank statistic -- eqs. (10.5.1)-(10.5.2); pp. 362-363"
./man/Krankstat.Rd,11,STALE_OR_DEP,10.5.1,"General k-sample rank statistic -- eqs. (10.5.1)-(10.5.2); pp. 362-363"
./man/Krig.Rd,52,STALE_OR_DEP,58.8.1246,"Geology 58(8):1246-1266; \doi{10.2113/gsecongeo.58.8.1246};"
./man/KrigCl.Rd,42,STALE_OR_DEP,58.8.1246,"Geology 58(8):1246-1266; \doi{10.2113/gsecongeo.58.8.1246}."
./man/Krigsm.Rd,44,STALE_OR_DEP,58.8.1246,"Geology 58(8):1246-1266; \doi{10.2113/gsecongeo.58.8.1246};"
./man/Ksband.Rd,6,STALE_OR_DEP,4.4.2,"\title{KS confidence band -- Sec. 4.4.2; p. 121}"
./man/Ksband.Rd,11,STALE_OR_DEP,4.4.2,"KS confidence band -- Sec. 4.4.2; p. 121"
./man/Ksdistfree.Rd,6,STALE_OR_DEP,4.3.1,"\title{KS statistics via the PIT -- Theorem 4.3.1; p. 111}"
./man/Ksdistfree.Rd,11,STALE_OR_DEP,4.3.1,"KS statistics via the PIT -- Theorem 4.3.1; p. 111"
./man/Ksexact.Rd,6,STALE_OR_DEP,4.3.2,"\title{Exact P(D_n < d) -- Theorem 4.3.2 via Durbin\'s matrix identity; p. 111}"
./man/Ksexact.Rd,11,STALE_OR_DEP,4.3.2,"Exact P(D_n < d) -- Theorem 4.3.2 via Durbin\'s matrix identity; p. 111"
./man/Ksn.Rd,6,STALE_OR_DEP,4.4.3,"\title{KS sample size for uniform error c -- Sec. 4.4.3; p. 122}"
./man/Ksn.Rd,11,STALE_OR_DEP,4.4.3,"KS sample size for uniform error c -- Sec. 4.4.3; p. 122"
./man/Ksplusdist.Rd,6,STALE_OR_DEP,4.3.4,"\title{Exact P(D+ >= c) -- Theorem 4.3.4; Birnbaum-Tingey; p. 115}"
./man/Ksplusdist.Rd,11,STALE_OR_DEP,4.3.4,"Exact P(D+ >= c) -- Theorem 4.3.4; Birnbaum-Tingey; p. 115"
./man/Kwalt.Rd,6,STALE_OR_DEP,10.4.2,"\title{Kruskal-Wallis defining form -- eqs. (10.4.2)/(10.4.7); pp. 354; 357}"
./man/Kwalt.Rd,6,STALE_OR_DEP,10.4.2,"\title{Kruskal-Wallis defining form -- eqs. (10.4.2)/(10.4.7); pp. 354; 357}"
./man/Kwalt.Rd,11,STALE_OR_DEP,10.4.2,"Kruskal-Wallis defining form -- eqs. (10.4.2)/(10.4.7); pp. 354; 357"
./man/Kwalt.Rd,11,STALE_OR_DEP,10.4.2,"Kruskal-Wallis defining form -- eqs. (10.4.2)/(10.4.7); pp. 354; 357"
./man/Kwchi.Rd,6,STALE_OR_DEP,10.4.1,"\title{Chi-square approximation to H -- Sec. 10.4.1; p. 357}"
./man/Kwchi.Rd,11,STALE_OR_DEP,10.4.1,"Chi-square approximation to H -- Sec. 10.4.1; p. 357"
./man/Kwh.Rd,6,STALE_OR_DEP,10.4.2,"\title{Kruskal-Wallis H -- eqs. (10.4.2)/(10.4.5)/(10.4.7); pp. 354-358}"
./man/Kwh.Rd,6,STALE_OR_DEP,10.4.2,"\title{Kruskal-Wallis H -- eqs. (10.4.2)/(10.4.5)/(10.4.7); pp. 354-358}"
./man/Kwh.Rd,6,STALE_OR_DEP,10.4.2,"\title{Kruskal-Wallis H -- eqs. (10.4.2)/(10.4.5)/(10.4.7); pp. 354-358}"
./man/Kwh.Rd,11,STALE_OR_DEP,10.4.2,"Kruskal-Wallis H -- eqs. (10.4.2)/(10.4.5)/(10.4.7); pp. 354-358"
./man/Kwh.Rd,11,STALE_OR_DEP,10.4.2,"Kruskal-Wallis H -- eqs. (10.4.2)/(10.4.5)/(10.4.7); pp. 354-358"
./man/Kwh.Rd,11,STALE_OR_DEP,10.4.2,"Kruskal-Wallis H -- eqs. (10.4.2)/(10.4.5)/(10.4.7); pp. 354-358"
./man/Kwmc.Rd,6,STALE_OR_DEP,10.4.8,"\title{Kruskal-Wallis multiple comparisons -- eq. (10.4.8); p. 357}"
./man/Kwmc.Rd,11,STALE_OR_DEP,10.4.8,"Kruskal-Wallis multiple comparisons -- eq. (10.4.8); p. 357"
./man/L2pen.Rd,23,STALE_OR_DEP,10.7.3,"Montesinos Lopez; Montesinos Lopez and Crossa (2022); Multivariate Statistical Machine Learning Methods for Genomic Prediction; Springer; doi:10.1007/978-3-030-89010-0.  Chapter 10; Sect. 10.7.3 p. 403: L(w; lambda) = L(w) + 0.5 * lambda * E_P; with E_P = w'w for the ridge (weight decay; L2) penalty.  Read from the chapter PDF; not recalled."
./man/Lassoobj.Rd,27,STALE_OR_DEP,3.6.2,"Montesinos Lopez; Montesinos Lopez and Crossa (2022); Multivariate Statistical Machine Learning Methods for Genomic Prediction; Springer; doi:10.1007/978-3-030-89010-0.  Chapter 3; Sect. 3.6.2 pp. 93-94: the lasso penalizes the RSS by the sum of the absolute regression coefficients; and the coordinate-wise descent step of Friedman et al. (2007) uses the soft-threshold operator S(b; lambda) = b - lambda if b > 0 and lambda < |b|; b + lambda if b < 0 and lambda < |b|; and 0 if lambda >= |b| -- which is sign(b) max(|b| - lambda; 0).  \code{soft} reports that operator applied to the supplied coefficients.  Read from the chapter PDF; not recalled."
./man/Lecam.Rd,39,STALE_OR_DEP,6.8.2,"under Appendix D; in the book it is Lemma 6.46 in Section 6.8.2."
./man/Lifter.Rd,6,STALE_OR_DEP,4.7.3,"\title{Section 4.7.3: the vocal tract lives at LOW quefrency; the glottal}"
./man/LinDSep.Rd,6,STALE_OR_DEP,10.4.2,"\title{Section 10.4.2 with a fitted cut.  The midpoint of the projected}"
./man/LinDSep.Rd,15,STALE_OR_DEP,10.10.3,"means is optimal only for equal priors AND equal variances; so the error-minimizing cut is the default and the midpoint is reported beside it.  Both errors are resubstitution errors -- measured on the data that chose the cut -- so they are optimistic; Section 10.10.3 is the book\'s warning; and KFoldCv or LooCv gives an honest figure."
./man/LinDisc.Rd,6,STALE_OR_DEP,10.4.1,"\title{Section 10.4.1: d_i(x) = w_i^T x + w_i0; assign to the largest.  The}"
./man/Linbylin.Rd,6,STALE_OR_DEP,14.6.1,"\title{Linear rank test for ordered categories -- Sec. 14.6.1; p. 531}"
./man/Linbylin.Rd,11,STALE_OR_DEP,14.6.1,"Linear rank test for ordered categories -- Sec. 14.6.1; p. 531"
./man/LisaI.Rd,6,STALE_OR_DEP,1.3.3,"\title{Eq (1.17); Sec. 1.3.3.  sum_i I(s_i) = w.. I is checked; not assumed:}"
./man/Lmpi.Rd,27,STALE_OR_DEP,8.2.6,"section 8.2.6; printed page 813; equations (8.36) and (8.37):"
./man/Logor.Rd,26,STALE_OR_DEP,8.4.4,"section 8.4.4; printed page 834; equation (8.63):"
./man/Lrankasymp.Rd,6,STALE_OR_DEP,7.3.8,"\title{Chernoff-Savage null moments -- Theorem 7.3.8 / Corollary 7.3.1; p. 285}"
./man/Lrankasymp.Rd,6,STALE_OR_DEP,7.3.8,"\title{Chernoff-Savage null moments -- Theorem 7.3.8 / Corollary 7.3.1; p. 285}"
./man/Lrankasymp.Rd,11,STALE_OR_DEP,7.3.8,"Chernoff-Savage null moments -- Theorem 7.3.8 / Corollary 7.3.1; p. 285"
./man/Lrankasymp.Rd,11,STALE_OR_DEP,7.3.8,"Chernoff-Savage null moments -- Theorem 7.3.8 / Corollary 7.3.1; p. 285"
./man/Lrankcov.Rd,6,STALE_OR_DEP,7.3.3,"\title{Covariance of two linear rank statistics -- Theorem 7.3.3; p. 279}"
./man/Lrankcov.Rd,11,STALE_OR_DEP,7.3.3,"Covariance of two linear rank statistics -- Theorem 7.3.3; p. 279"
./man/Lrankmom.Rd,6,STALE_OR_DEP,7.3.1,"\title{Moments of a linear rank statistic (Gibbons & Chakraborti Thm 7.3.1-7.3.2)}"
./man/Lrankmom.Rd,6,STALE_OR_DEP,7.3.1,"\title{Moments of a linear rank statistic (Gibbons & Chakraborti Thm 7.3.1-7.3.2)}"
./man/Lrankmom.Rd,11,STALE_OR_DEP,7.3.1,"Moments of a linear rank statistic (Gibbons & Chakraborti Thm 7.3.1-7.3.2)"
./man/Lrankmom.Rd,11,STALE_OR_DEP,7.3.1,"Moments of a linear rank statistic (Gibbons & Chakraborti Thm 7.3.1-7.3.2)"
./man/Lrankprop.Rd,6,STALE_OR_DEP,7.3.7,"\title{Linear rank statistic properties -- Theorem 7.3.7; p. 283}"
./man/Lrankprop.Rd,11,STALE_OR_DEP,7.3.7,"Linear rank statistic properties -- Theorem 7.3.7; p. 283"
./man/Lrresid.Rd,24,STALE_OR_DEP,8.4.5,"section 8.4.5 Residual Analysis; printed pages 837-838; equations"
./man/MEcgFilt.Rd,6,STALE_OR_DEP,3.3.5,"\title{Sections 3.3.5 and 9.7.2: the thoracic lead is the reference input of}"
./man/MEcgFilt.Rd,6,STALE_OR_DEP,3.3.5,"\title{Sections 3.3.5 and 9.7.2: the thoracic lead is the reference input of}"
./man/Maetst.Rd,25,STALE_OR_DEP,4.5.1,"Montesinos Lopez; Montesinos Lopez and Crossa (2022); Multivariate Statistical Machine Learning Methods for Genomic Prediction; Springer; doi:10.1007/978-3-030-89010-0.  Chapter 4; Sect. 4.5.1; Eq. (4.1) p. 129 (MSE); Eq. (4.2) p. 129 (Pearson accuracy) and Eq. (4.3) p. 131 (MAE).  Read from the chapter PDF; not recalled."
./man/Mahal.Rd,6,STALE_OR_DEP,10.4.3,"\title{Section 10.4.3: D^2 = (x - mu)^T C^-1 (x - mu).  Distance in units of}"
./man/Mamh.Rd,40,STALE_OR_DEP,22.4.719,"Cancer Institute 22(4):719-748. \doi{10.1093/jnci/22.4.719}."
./man/MantelM2.Rd,17,STALE_OR_DEP,1.3.1,"W_ij = ||s_i - s_j|| and U_ij = |Z_i - Z_j|; plus the regression slope beta = M2 / sum sum W_ij^2 displayed in Sec. 1.3.1."
./man/MantelZ.Rd,6,STALE_OR_DEP,1.3.1,"\title{Gaussian Z-test of Sec. 1.3.1 with U of eq (1.10).  The book states}"
./man/Martcons.Rd,32,STALE_OR_DEP,6.8.4,"Nonparametric Bayesian Inference; Section 6.8.4; equations (6.17)"
./man/Matern.Rd,36,STALE_OR_DEP,3.6.1,"volume; E[Z(S)] = lambda m mu(S); eq. (3.6.1); and"
./man/Matern.Rd,39,STALE_OR_DEP,3.6.2,"\item lambda (m^2 + tau^2 - m) Int Int gamma(u - y) du dy; eq. (3.6.2)."
./man/Matern.Rd,43,STALE_OR_DEP,3.6.2,"m^2; and comparing (3.6.2) with the general second-moment form gives"
./man/Matern.Rd,52,STALE_OR_DEP,3.4.4,"(pi r^2)^2.  That common area is Matern V_n(A; A; v) of eq. (3.4.4)"
./man/MatnK.Rd,12,STALE_OR_DEP,2.4.7,"\item{nu}{smoothness; Matern nu of (2.4.7); must be positive.}"
./man/MatnK.Rd,16,STALE_OR_DEP,2.4.7,"\item{sigma2}{variance at lag zero; (2.4.7) itself is the correlation; so"
./man/MatnK.Rd,31,STALE_OR_DEP,2.4.5,"the spectral side.  Equation (2.4.5) p. 17 mixes the Gaussian correlation"
./man/MatnK.Rd,33,STALE_OR_DEP,2.4.6,"(1 + v^2/b^2)^-s; eq. (2.4.6) p. 17 gives the matching spectral density"
./man/MatnK.Rd,35,STALE_OR_DEP,2.4.7,"eq. (2.4.7) p. 18 states the correlation function itself;"
./man/MatnK.Rd,42,STALE_OR_DEP,2.4.8,"eq. (2.4.8) p. 18; and nu = 1 gives v b K_1(v b); eq. (2.4.9) p. 18."
./man/MatnK.Rd,42,STALE_OR_DEP,2.4.8,"eq. (2.4.8) p. 18; and nu = 1 gives v b K_1(v b); eq. (2.4.9) p. 18."
./man/MatnK.Rd,46,STALE_OR_DEP,2.4.7,"K_nu(sqrt(2 nu) d / rho); which is exactly (2.4.7) with"
./man/MatnK.Rd,53,STALE_OR_DEP,2.4.7,"as z -> 0; which is the point of the constant in (2.4.7).  As nu grows"
./man/MatnK.Rd,55,STALE_OR_DEP,2.4.2,"Matern eq. (2.4.2) p. 17."
./man/McNemar.Rd,6,STALE_OR_DEP,10.9.2,"\title{Section 10.9.2; McNemar\'s test of SYMMETRY.  The book states it on a}"
./man/Mcnemarci.Rd,6,STALE_OR_DEP,14.5.2,"\title{McNemar CI -- Sec. 14.5; eq. (14.5.2); p. 523}"
./man/Mcnemarci.Rd,11,STALE_OR_DEP,14.5.2,"McNemar CI -- Sec. 14.5; eq. (14.5.2); p. 523"
./man/Mcnemarq.Rd,6,STALE_OR_DEP,14.5.1,"\title{McNemar test -- eq. (14.5.1); p. 523}"
./man/Mcnemarq.Rd,11,STALE_OR_DEP,14.5.1,"McNemar test -- eq. (14.5.1); p. 523"
./man/MedPolish.Rd,16,STALE_OR_DEP,5.3.1,"Gotway -- a fixed-string search for polish returns nothing; the book\'s trend removal is the OLS trend surface of Sec. 5.3.1.  Median polish is resistant to outliers; which is why the geostatistical literature reaches for it first.  A sweep must run row-then-column in a FIXED order; median polish is not order-invariant."
./man/Medtestci.Rd,6,STALE_OR_DEP,6.4.2,"\title{Median-test confidence interval -- Sec. 6.4.2; p. 251}"
./man/Medtestci.Rd,11,STALE_OR_DEP,6.4.2,"Median-test confidence interval -- Sec. 6.4.2; p. 251"
./man/Medtestpow.Rd,6,STALE_OR_DEP,6.4.9,"\title{Precedence/median-test power -- eqs. (6.4.9)-(6.4.10); p. 254}"
./man/Medtestpow.Rd,6,STALE_OR_DEP,6.4.9,"\title{Precedence/median-test power -- eqs. (6.4.9)-(6.4.10); p. 254}"
./man/Medtestpow.Rd,11,STALE_OR_DEP,6.4.9,"Precedence/median-test power -- eqs. (6.4.9)-(6.4.10); p. 254"
./man/Medtestpow.Rd,11,STALE_OR_DEP,6.4.9,"Precedence/median-test power -- eqs. (6.4.9)-(6.4.10); p. 254"
./man/Mercerchk.Rd,24,STALE_OR_DEP,8.2.1,"Montesinos Lopez; Montesinos Lopez and Crossa (2022); Multivariate Statistical Machine Learning Methods for Genomic Prediction; Springer; doi:10.1007/978-3-030-89010-0.  Chapter 8; Sect. 8.2.1 p. 255; property 2 and property 3: the Gram matrix K with entries K(x_i; x_j) must be positive semi-definite for every choice of x_1; ...; x_n; and the book states that Mercer's theorem -- the integral condition on square-integrable g -- is an equivalent formulation of that finitely positive semi-definite property.  The finite check is therefore the one implemented.  Read from the chapter PDF; not recalled."
./man/MfImpEeg.Rd,6,STALE_OR_DEP,4.6.2,"\title{Eq (4.56); identical to eq (4.49).  Section 4.6.2 adds that because h}"
./man/MfTfEeg.Rd,17,STALE_OR_DEP,4.6.2,"4.6.2; so it delegates.  What is specific here is the DFT caveat."
./man/Mhors.Rd,38,STALE_OR_DEP,22.4.719,"Cancer Institute 22(4):719-748. \doi{10.1093/jnci/22.4.719}. Robins;"
./man/MinPhase.Rd,6,STALE_OR_DEP,4.7.2,"\title{Section 4.7.2; after eq (4.73): a minimum-phase signal has a CAUSAL}"
./man/MixCmp.Rd,6,STALE_OR_DEP,9.7.4,"\title{Section 9.7.4.  The three decompositions answer different questions}"
./man/Mlwz.Rd,52,STALE_OR_DEP,12.2.121,"Methods 12(2); 121-138; \doi{10.1037/1082-989X.12.2.121}. Neither"
./man/Momprior.Rd,31,STALE_OR_DEP,3.4.4,"Nonparametric Bayesian Inference; Section 3.4.4. That section gives"
./man/Moodmom.Rd,6,STALE_OR_DEP,9.2.2,"\title{Mood null moments -- eqs. (9.2.2)-(9.2.3); pp. 315-316}"
./man/Moodmom.Rd,6,STALE_OR_DEP,9.2.2,"\title{Mood null moments -- eqs. (9.2.2)-(9.2.3); pp. 315-316}"
./man/Moodmom.Rd,11,STALE_OR_DEP,9.2.2,"Mood null moments -- eqs. (9.2.2)-(9.2.3); pp. 315-316"
./man/Moodmom.Rd,11,STALE_OR_DEP,9.2.2,"Mood null moments -- eqs. (9.2.2)-(9.2.3); pp. 315-316"
./man/Moodscale.Rd,6,STALE_OR_DEP,9.2.1,"\title{Mood scale test -- eqs. (9.2.1)-(9.2.3); pp. 314-316}"
./man/Moodscale.Rd,6,STALE_OR_DEP,9.2.1,"\title{Mood scale test -- eqs. (9.2.1)-(9.2.3); pp. 314-316}"
./man/Moodscale.Rd,11,STALE_OR_DEP,9.2.1,"Mood scale test -- eqs. (9.2.1)-(9.2.3); pp. 314-316"
./man/Moodscale.Rd,11,STALE_OR_DEP,9.2.1,"Mood scale test -- eqs. (9.2.1)-(9.2.3); pp. 314-316"
./man/MoranRes.Rd,16,STALE_OR_DEP,1.3.2,"formula; Sec. 1.3.2; and is reproduced term for term.  The variance is derived from the exact moments of a ratio of quadratic forms in the same Gaussian projection."
./man/MotionArt.Rd,6,STALE_OR_DEP,1.2.11,"\title{Section 1.2.11 characterises motion artifact but gives no detection}"
./man/Msetst.Rd,25,STALE_OR_DEP,4.5.1,"Montesinos Lopez; Montesinos Lopez and Crossa (2022); Multivariate Statistical Machine Learning Methods for Genomic Prediction; Springer; doi:10.1007/978-3-030-89010-0.  Chapter 4; Sect. 4.5.1; Eq. (4.1) p. 129 (MSE); Eq. (4.2) p. 129 (Pearson accuracy) and Eq. (4.3) p. 131 (MAE).  Read from the chapter PDF; not recalled."
./man/Msm011.Rd,39,STALE_OR_DEP,5.2.1.2,"Springer; eq. (5.2) p.142 and sec. 5.2.1.2 p.146."
./man/Multboot.Rd,49,STALE_OR_DEP,2.2.3,"Semiparametric Inference; Section 2.2.3. Fetched as the full text of"
./man/Multindex.Rd,56,STALE_OR_DEP,2.6.1,"derivative within its own block (Section 2.6.1; equation (2.40));"
./man/Mwu.Rd,6,STALE_OR_DEP,6.6.1,"\title{Mann-Whitney U -- Sec. 6.6; eqs. (6.6.1); (6.6.14); p. 260}"
./man/Mwu.Rd,6,STALE_OR_DEP,6.6.1,"\title{Mann-Whitney U -- Sec. 6.6; eqs. (6.6.1); (6.6.14); p. 260}"
./man/Mwu.Rd,11,STALE_OR_DEP,6.6.1,"Mann-Whitney U -- Sec. 6.6; eqs. (6.6.1); (6.6.14); p. 260"
./man/Mwu.Rd,11,STALE_OR_DEP,6.6.1,"Mann-Whitney U -- Sec. 6.6; eqs. (6.6.1); (6.6.14); p. 260"
./man/Mwuci.Rd,6,STALE_OR_DEP,6.6.2,"\title{Mann-Whitney shift CI -- Sec. 6.6.2; p. 267}"
./man/Mwuci.Rd,11,STALE_OR_DEP,6.6.2,"Mann-Whitney shift CI -- Sec. 6.6.2; p. 267"
./man/Mwun.Rd,6,STALE_OR_DEP,6.6.18,"\title{Mann-Whitney sample size -- eq. (6.6.18); p. 269 (Noether 1987)}"
./man/Mwun.Rd,11,STALE_OR_DEP,6.6.18,"Mann-Whitney sample size -- eq. (6.6.18); p. 269 (Noether 1987)"
./man/Nadwat.Rd,26,STALE_OR_DEP,2.8.2,"Learning; 2nd ed.; Springer; Section 2.8.2; book p. 35 (PDF p. 54):"
./man/Nbdsp.Rd,28,STALE_OR_DEP,10.7.2,"[Pages 379-425]; Chapter 10; Section 10.7.2; p. 401; adds that for count"
./man/NmfMu.Rd,6,STALE_OR_DEP,9.7.3,"\title{Section 9.7.3; eqs (9.46); (9.49)-(9.50) and (9.53)-(9.55).  PCA and}"
./man/Nnet1lay.Rd,25,STALE_OR_DEP,2.8.3,"Learning; 2nd ed.; Springer; Section 2.8.3; book p. 36 (PDF p. 55):"
./man/Normscores.Rd,6,STALE_OR_DEP,8.3.1,"\title{Terry-Hoeffding normal-scores test -- Sec. 8.3.1; p. 299}"
./man/Normscores.Rd,11,STALE_OR_DEP,8.3.1,"Terry-Hoeffding normal-scores test -- Sec. 8.3.1; p. 299"
./man/Npaddreg.Rd,40,STALE_OR_DEP,3.1.1,"Econometrics; Section 3.1.1; equations (3.6) to (3.9) (pages 55-57)."
./man/Nsamp.Rd,33,STALE_OR_DEP,1.2.4,"package samplingbook 1.2.4; whose sample.size.mean computes"
./man/Olsfit.Rd,22,STALE_OR_DEP,2.3.1,"Learning; 2nd ed.; Springer; Chapter 2; Section 2.3.1; book pp. 11-12"
./man/Onestep.Rd,44,STALE_OR_DEP,2.2.5,"Semiparametric Inference; Section 2.2.5; for the Z-estimator"
./man/Ostatasymp.Rd,6,STALE_OR_DEP,2.10.1,"\title{Asymptotic normality of the sample quantile -- Theorem 2.10.1; p. 60}"
./man/Ostatasymp.Rd,11,STALE_OR_DEP,2.10.1,"Asymptotic normality of the sample quantile -- Theorem 2.10.1; p. 60"
./man/Ostatbeta.Rd,6,STALE_OR_DEP,2.4.3,"\title{Uniform order statistic is Beta(r; n-r+1) -- Theorem 2.4.3; p. 38}"
./man/Ostatbeta.Rd,11,STALE_OR_DEP,2.4.3,"Uniform order statistic is Beta(r; n-r+1) -- Theorem 2.4.3; p. 38"
./man/Ostatcdf.Rd,6,STALE_OR_DEP,2.4.1,"\title{CDF of the r-th order statistic -- Theorem 2.4.1; eq. (2.4.1); p. 37}"
./man/Ostatcdf.Rd,6,STALE_OR_DEP,2.4.1,"\title{CDF of the r-th order statistic -- Theorem 2.4.1; eq. (2.4.1); p. 37}"
./man/Ostatcdf.Rd,11,STALE_OR_DEP,2.4.1,"CDF of the r-th order statistic -- Theorem 2.4.1; eq. (2.4.1); p. 37"
./man/Ostatcdf.Rd,11,STALE_OR_DEP,2.4.1,"CDF of the r-th order statistic -- Theorem 2.4.1; eq. (2.4.1); p. 37"
./man/Ostatpdf.Rd,6,STALE_OR_DEP,2.4.2,"\title{PDF of the r-th order statistic -- Theorem 2.4.2; eq. (2.4.2); p. 37}"
./man/Ostatpdf.Rd,6,STALE_OR_DEP,2.4.2,"\title{PDF of the r-th order statistic -- Theorem 2.4.2; eq. (2.4.2); p. 37}"
./man/Ostatpdf.Rd,11,STALE_OR_DEP,2.4.2,"PDF of the r-th order statistic -- Theorem 2.4.2; eq. (2.4.2); p. 37"
./man/Ostatpdf.Rd,11,STALE_OR_DEP,2.4.2,"PDF of the r-th order statistic -- Theorem 2.4.2; eq. (2.4.2); p. 37"
./man/Outmad.Rd,48,STALE_OR_DEP,2.5.2,"section 2.5.2; equation (2.14); p.33."
./man/Outms.Rd,40,STALE_OR_DEP,2.5.1,"section 2.5.1; equation (2.13); p.32."
./man/PWaveDet.Rd,6,STALE_OR_DEP,4.3.3,"\title{Hengeveld and van Bemmel; Section 4.3.3.  The P wave is never}"
./man/Pageasymp.Rd,6,STALE_OR_DEP,12.3.2,"\title{Page\'s L normal approximation -- eq. (12.3.2); p. 449}"
./man/Pageasymp.Rd,11,STALE_OR_DEP,12.3.2,"Page\'s L normal approximation -- eq. (12.3.2); p. 449"
./man/Pagel.Rd,6,STALE_OR_DEP,12.3.1,"\title{Page\'s L test -- eqs. (12.3.1)-(12.3.2); pp. 448-449}"
./man/Pagel.Rd,6,STALE_OR_DEP,12.3.1,"\title{Page\'s L test -- eqs. (12.3.1)-(12.3.2); pp. 448-449}"
./man/Pagel.Rd,11,STALE_OR_DEP,12.3.1,"Page\'s L test -- eqs. (12.3.1)-(12.3.2); pp. 448-449"
./man/Pagel.Rd,11,STALE_OR_DEP,12.3.1,"Page\'s L test -- eqs. (12.3.1)-(12.3.2); pp. 448-449"
./man/PcaSig.Rd,6,STALE_OR_DEP,9.7.1,"\title{Section 9.7.1; eqs (9.37)-(9.41).  Multichannel recordings pick up}"
./man/Pcf.Rd,6,STALE_OR_DEP,3.4.1,"\title{R(h) = K\'(h) / (2 h pi); Sec. 3.4.1; with Khat of Sec. 3.4.2 and the}"
./man/Pcf.Rd,6,STALE_OR_DEP,3.4.1,"\title{R(h) = K\'(h) / (2 h pi); Sec. 3.4.1; with Khat of Sec. 3.4.2 and the}"
./man/PcgEnvAvg.Rd,18,STALE_OR_DEP,5.5.3,"5.5.3 Part of the rangayyan_tf implementation; see the file header for the source it follows."
./man/Pctrankloc.Rd,6,STALE_OR_DEP,8.3.5,"\title{Percentile modified rank test for location -- eqs. (8.3.5)-(8.3.6); p. 304}"
./man/Pctrankloc.Rd,6,STALE_OR_DEP,8.3.5,"\title{Percentile modified rank test for location -- eqs. (8.3.5)-(8.3.6); p. 304}"
./man/Pctrankloc.Rd,11,STALE_OR_DEP,8.3.5,"Percentile modified rank test for location -- eqs. (8.3.5)-(8.3.6); p. 304"
./man/Pctrankloc.Rd,11,STALE_OR_DEP,8.3.5,"Percentile modified rank test for location -- eqs. (8.3.5)-(8.3.6); p. 304"
./man/Pgram.Rd,6,STALE_OR_DEP,4.7.1.1,"\title{Eq (4.57) specialised to R^1 in Sec. 4.7.1.1; checked against the}"
./man/Plrident.Rd,29,STALE_OR_DEP,3.6.1,"Econometrics; Section 3.6.1; equations (3.30) to (3.33) (pages"
./man/Polykern.Rd,31,STALE_OR_DEP,8.2.2,"Montesinos Lopez; Montesinos Lopez and Crossa (2022); Multivariate Statistical Machine Learning Methods for Genomic Prediction; Springer; doi:10.1007/978-3-030-89010-0.  Chapter 8; Sect. 8.2.2 pp. 255-256 and the worked degree-2 example on p. 256; where the polynomial kernel of degree d with constant a is (gamma x_i'x_j + a)^d and the feature-space dimension is discussed on p. 261.  Read from the chapter PDF; not recalled."
./man/PpgFeat.Rd,6,STALE_OR_DEP,1.2.11,"\title{Section 1.2.11.  The notch is located with the SAME machinery the}"
./man/PpgFeat.Rd,16,STALE_OR_DEP,4.3.5,"book gives for the carotid pulse in Section 4.3.5 (eqs 4.22; 4.23); because the PPG pulse shape mirrors the carotid pulse.  The perfusion index says how much of the reading is pulsatile blood volume rather than static tissue absorption."
./man/Predacc.Rd,25,STALE_OR_DEP,4.5.1,"Montesinos Lopez; Montesinos Lopez and Crossa (2022); Multivariate Statistical Machine Learning Methods for Genomic Prediction; Springer; doi:10.1007/978-3-030-89010-0.  Chapter 4; Sect. 4.5.1; Eq. (4.1) p. 129 (MSE); Eq. (4.2) p. 129 (Pearson accuracy) and Eq. (4.3) p. 131 (MAE).  Read from the chapter PDF; not recalled.  Eq. (4.2) is Pearson's correlation between the T test-set predictions and the T observed values; the book calls it the prediction accuracy in plant breeding."
./man/Predcomp.Rd,22,STALE_OR_DEP,5.4.3,"Cover & Thomas (2006); Theorem 5.4.3; eq. (5.42); p. 115."
./man/Predcomp.Rd,30,STALE_OR_DEP,5.4.3,"Cover & Thomas (2006); Theorem 5.4.3."
./man/Prehay.Rd,48,STALE_OR_DEP,40.3.879,"879-891; doi:10.3758/BRM.40.3.879; pp. 880-884; local copy"
./man/Propalloc.Rd,35,STALE_OR_DEP,1.2.4,"package samplingbook 1.2.4; whose stratasamp(type = prop) sets"
./man/Pseudor2.Rd,24,STALE_OR_DEP,8.4.6,"section 8.4.6 Pseudo Coefficients of Determination; printed pages"
./man/Ptnulltst.Rd,35,STALE_OR_DEP,10.5.1,"Nonparametric Bayesian Inference; Section 10.5.1 and Theorem 10.24."
./man/PvcBayes.Rd,6,STALE_OR_DEP,10.11.2,"\title{Section 10.11.2 with the normal-pattern Bayes classifier of 10.6.2}"
./man/PvcBayes.Rd,6,STALE_OR_DEP,10.11.2,"\title{Section 10.11.2 with the normal-pattern Bayes classifier of 10.6.2}"
./man/PvcBayes.Rd,17,STALE_OR_DEP,10.11.1,"The linear rule of 10.11.1 commits to a hard boundary; the Bayes rule states the posterior odds and lets the prevalence of ectopy enter; which matters because a PVC prior is far below one half."
./man/PvcLinDf.Rd,6,STALE_OR_DEP,10.11.1,"\title{Section 10.11.1; eq (10.131).  A PVC has both a shorter preceding RR}"
./man/Qmds.Rd,35,STALE_OR_DEP,2.3.1,"\doi{10.5194/hess-16-3383-2012}; Eq. 2; Sec. 2.3.1. Local:"
./man/QrsDeriv.Rd,6,STALE_OR_DEP,4.3.1,"\title{Balda et al.; Section 4.3.1: y0 by eq (4.1); y1 by eq (4.2); combined}"
./man/QrsDetect.Rd,6,STALE_OR_DEP,4.3.2,"\title{Pan-Tompkins; Section 4.3.2; eqs (4.8)-(4.18) plus search-back.  The}"
./man/Radj.Rd,26,STALE_OR_DEP,8.2.7,"section 8.2.7 Variable Selection Method; printed page 813;"
./man/Randtest.Rd,6,STALE_OR_DEP,1.2.9,"\title{Randomized decision rule of exact size -- Sec. 1.2.9; pp. 26-27}"
./man/Randtest.Rd,11,STALE_OR_DEP,1.2.9,"Randomized decision rule of exact size -- Sec. 1.2.9; pp. 26-27"
./man/Rankci.Rd,6,STALE_OR_DEP,5.7.5,"\title{Rank-test inversion interval -- Secs. 5.7.5; 6.4.2; 6.6.2}"
./man/Rankci.Rd,6,STALE_OR_DEP,5.7.5,"\title{Rank-test inversion interval -- Secs. 5.7.5; 6.4.2; 6.6.2}"
./man/Rankci.Rd,6,STALE_OR_DEP,5.7.5,"\title{Rank-test inversion interval -- Secs. 5.7.5; 6.4.2; 6.6.2}"
./man/Rankci.Rd,11,STALE_OR_DEP,5.7.5,"Rank-test inversion interval -- Secs. 5.7.5; 6.4.2; 6.6.2"
./man/Rankci.Rd,11,STALE_OR_DEP,5.7.5,"Rank-test inversion interval -- Secs. 5.7.5; 6.4.2; 6.6.2"
./man/Rankci.Rd,11,STALE_OR_DEP,5.7.5,"Rank-test inversion interval -- Secs. 5.7.5; 6.4.2; 6.6.2"
./man/Ratioest.Rd,41,STALE_OR_DEP,1.2.4,"matches the samplingbook 1.2.4 convention (N - n)/N used throughout"
./man/Rbfkern.Rd,27,STALE_OR_DEP,8.2.2,"Montesinos Lopez; Montesinos Lopez and Crossa (2022); Multivariate Statistical Machine Learning Methods for Genomic Prediction; Springer; doi:10.1007/978-3-030-89010-0.  Chapter 8; Sect. 8.2.2 pp. 263-264.  The book prints the Gaussian kernel through its R implementation K.radial; which computes exp(-gamma * ||x1 - x2||^2); gamma; not a variance-style bandwidth; is the parameter the text discusses on p. 264.  The placeholder this replaced carried a 1/(2h^2) parameterization that the book does not use.  Read from the chapter PDF; not recalled."
./man/Reluact.Rd,12,STALE_OR_DEP,10.3.3,"\item{slope}{Slope applied below the threshold; 0 gives the plain ReLU; a small positive value gives the leaky ReLU of Sect. 10.3.3.}"
./man/Reluact.Rd,25,STALE_OR_DEP,10.3.2,"Montesinos Lopez; Montesinos Lopez and Crossa (2022); Multivariate Statistical Machine Learning Methods for Genomic Prediction; Springer; doi:10.1007/978-3-030-89010-0.  Chapter 10; Sect. 10.3.2 p. 388: g(z) = max(0; z); flat below the threshold and linear above it; Sect. 10.3.3 p. 389 gives the leaky variant with slope alpha below zero (the figure uses alpha = 0.1).  Read from the chapter PDF; not recalled."
./man/Reluact.Rd,25,STALE_OR_DEP,10.3.2,"Montesinos Lopez; Montesinos Lopez and Crossa (2022); Multivariate Statistical Machine Learning Methods for Genomic Prediction; Springer; doi:10.1007/978-3-030-89010-0.  Chapter 10; Sect. 10.3.2 p. 388: g(z) = max(0; z); flat below the threshold and linear above it; Sect. 10.3.3 p. 389 gives the leaky variant with slope alpha below zero (the figure uses alpha = 0.1).  Read from the chapter PDF; not recalled."
./man/Remlik.Rd,27,STALE_OR_DEP,5.2.1.2,"Montesinos Lopez; Montesinos Lopez and Crossa (2022); Multivariate Statistical Machine Learning Methods for Genomic Prediction; Springer; doi:10.1007/978-3-030-89010-0.  Chapter 5; Sect. 5.2.1.2 p. 146.  REML differs from the ML log-likelihood of Eq. (5.2) by the -0.5 log|X'V^-1 X| term; which is what removes the downward bias of the ML variance estimate; betatilde is the generalized least squares estimator.  Delegates to the chapter routine in morie.fn._gp_core; which was verified against this book in the earlier tranches of this shelf recorded in ledger/SHELF_LEDGER.txt; the page and equation number above are that routine's own; re-read against the chapter PDF here."
./man/RespSound.Rd,24,STALE_OR_DEP,7.7.1,"Rangayyan (2024) eqs. (7.122); (7.127); (7.128); (7.129); Section 7.7.1."
./man/Rhotest.Rd,6,STALE_OR_DEP,11.3.2,"\title{Test of zero Spearman correlation -- Secs. 11.3.2-11.3.3; pp. 412-413}"
./man/Rhotest.Rd,6,STALE_OR_DEP,11.3.2,"\title{Test of zero Spearman correlation -- Secs. 11.3.2-11.3.3; pp. 412-413}"
./man/Rhotest.Rd,11,STALE_OR_DEP,11.3.2,"Test of zero Spearman correlation -- Secs. 11.3.2-11.3.3; pp. 412-413"
./man/Rhotest.Rd,11,STALE_OR_DEP,11.3.2,"Test of zero Spearman correlation -- Secs. 11.3.2-11.3.3; pp. 412-413"
./man/Ridgeobj.Rd,27,STALE_OR_DEP,3.6.1,"Montesinos Lopez; Montesinos Lopez and Crossa (2022); Multivariate Statistical Machine Learning Methods for Genomic Prediction; Springer; doi:10.1007/978-3-030-89010-0.  Chapter 3; Sect. 3.6.1 p. 81: PRSS_lambda(beta) = RSS(beta) + lambda beta'D beta with D = diag(0; 1; ...; 1); so the intercept is not penalized.  Read from the chapter PDF; not recalled."
./man/Ridgesol.Rd,28,STALE_OR_DEP,3.6.1,"Montesinos Lopez; Montesinos Lopez and Crossa (2022); Multivariate Statistical Machine Learning Methods for Genomic Prediction; Springer; doi:10.1007/978-3-030-89010-0.  Chapter 3; Sect. 3.6.1 p. 82: solving grad PRSS_lambda(beta) = 0 gives beta-hat(lambda) = (X'X + lambda D)^-1 X'y with D the identity carrying a zero in its first entry.  Delegates to the chapter-3 ridge routine already verified against the book for this shelf.  Read from the chapter PDF; not recalled."
./man/RipF.Rd,47,STALE_OR_DEP,3.3.4,"Methods for Spatial Data Analysis; Sec. 3.3.4; pp. 97-98."
./man/RipG.Rd,26,STALE_OR_DEP,3.3.4,"(Schabenberger & Gotway 2005; Sec. 3.3.4; p. 98)."
./man/RipG.Rd,45,STALE_OR_DEP,3.3.4,"Methods for Spatial Data Analysis; Sec. 3.3.4; p. 98."
./man/Ripk.Rd,49,STALE_OR_DEP,3.4.1,"Spatial Data Analysis; Sec. 3.4.1-3.4.2; pp. 101-103."
./man/Ripk.Rd,49,STALE_OR_DEP,3.4.1,"Spatial Data Analysis; Sec. 3.4.1-3.4.2; pp. 101-103."
./man/Rkhsmt.Rd,61,STALE_OR_DEP,6.8.1,"Volume [Pages 171-208]; Chapter 6; Section 6.8.1; equation (6.9); p. 191:"
./man/RlsFilt.Rd,6,STALE_OR_DEP,3.10.3,"\title{Section 3.10.3; eqs. (3.215); (3.221); (3.224)-(3.225).  P is}"
./man/RlsLattice.Rd,6,STALE_OR_DEP,8.6.2,"\title{Section 8.6.2.  Every stage is itself a predictor; so one run gives}"
./man/Rmsetst.Rd,25,STALE_OR_DEP,4.5.1,"Montesinos Lopez; Montesinos Lopez and Crossa (2022); Multivariate Statistical Machine Learning Methods for Genomic Prediction; Springer; doi:10.1007/978-3-030-89010-0.  Chapter 4; Sect. 4.5.1; Eq. (4.1) p. 129 (MSE); Eq. (4.2) p. 129 (Pearson accuracy) and Eq. (4.3) p. 131 (MAE).  Read from the chapter PDF; not recalled.  The RMSE is named in the paragraph under Eq. (4.1) as the square root of MSE_TST."
./man/Rmst.Rd,26,STALE_OR_DEP,4.5.4,"(4.5.4)."
./man/Rmst.Rd,32,STALE_OR_DEP,4.5.4,"Klein; J. P. and Moeschberger; M. L. (2003). Survival Analysis; 2nd ed.; Springer; eq. (4.5.4)."
./man/Roc.Rd,6,STALE_OR_DEP,10.9.1,"\title{Section 10.9.1.  The area the book calls A_z; by the trapezoidal}"
./man/Rosenbm.Rd,6,STALE_OR_DEP,9.9.2,"\title{Rosenbaum outside-extremes scale test -- eq. (9.9.2); p. 329}"
./man/Rosenbm.Rd,11,STALE_OR_DEP,9.9.2,"Rosenbaum outside-extremes scale test -- eq. (9.9.2); p. 329"
./man/Runstab.Rd,6,STALE_OR_DEP,3.2.2,"\title{Table D: exact runs distribution -- Theorem 3.2.2; p. 79}"
./man/Runstab.Rd,11,STALE_OR_DEP,3.2.2,"Table D: exact runs distribution -- Theorem 3.2.2; p. 79"
./man/Runsz.Rd,6,STALE_OR_DEP,3.2.9,"\title{Total runs asymptotic normality -- eq. (3.2.9); p. 82}"
./man/Runsz.Rd,11,STALE_OR_DEP,3.2.9,"Total runs asymptotic normality -- eq. (3.2.9); p. 82"
./man/Rvntest.Rd,6,STALE_OR_DEP,3.5.1,"\title{Rank von Neumann test -- eqs. (3.5.1)-(3.5.2); p. 95}"
./man/Rvntest.Rd,6,STALE_OR_DEP,3.5.1,"\title{Rank von Neumann test -- eqs. (3.5.1)-(3.5.2); p. 95}"
./man/Rvntest.Rd,11,STALE_OR_DEP,3.5.1,"Rank von Neumann test -- eqs. (3.5.1)-(3.5.2); p. 95"
./man/Rvntest.Rd,11,STALE_OR_DEP,3.5.1,"Rank von Neumann test -- eqs. (3.5.1)-(3.5.2); p. 95"
./man/Sarerr.Rd,47,STALE_OR_DEP,6.2.2,"Methods for Spatial Data Analysis; Sec. 6.2.2; pp. 335-341."
./man/Sarmix.Rd,56,STALE_OR_DEP,6.2.2,"Schabenberger; O. and Gotway; C. A. (2005); Sec. 6.2.2; pp. 335-341."
./man/Scaleci.Rd,6,STALE_OR_DEP,9.8.1,"\title{Scale-ratio CI from Sukhatme -- eqs. (9.8.1)-(9.8.2); p. 328}"
./man/Scaleci.Rd,6,STALE_OR_DEP,9.8.1,"\title{Scale-ratio CI from Sukhatme -- eqs. (9.8.1)-(9.8.2); p. 328}"
./man/Scaleci.Rd,11,STALE_OR_DEP,9.8.1,"Scale-ratio CI from Sukhatme -- eqs. (9.8.1)-(9.8.2); p. 328"
./man/Scaleci.Rd,11,STALE_OR_DEP,9.8.1,"Scale-ratio CI from Sukhatme -- eqs. (9.8.1)-(9.8.2); p. 328"
./man/Sem.Rd,6,STALE_OR_DEP,8.5.1,"\title{Section 8.5.1; the spectral error measure: the mean squared}"
./man/SepIndex.Rd,6,STALE_OR_DEP,10.10.1,"\title{Section 10.10.1: J = tr(S_B) / tr(S_W).  The trace ratio ignores the}"
./man/Sepcons.Rd,33,STALE_OR_DEP,6.8.1,"Nonparametric Bayesian Inference; Section 6.8.1: Definition 6.43;"
./man/Shfflm.Rd,57,STALE_OR_DEP,1.9781611975482.151,"Theorem 7. \doi{10.1137/1.9781611975482.151}"
./man/Sieg.Rd,21,STALE_OR_DEP,69.1.242,"69(1); 242-244; doi:10.1093/biomet/69.1.242."
./man/Sieg.Rd,55,STALE_OR_DEP,69.1.242,"doi:10.1093/biomet/69.1.242; the form used is equation (3) of Borowski and"
./man/Sigbasis.Rd,21,STALE_OR_DEP,2.6.1,"Learning; 2nd ed.; Springer; Section 2.6.1; book p. 30 (PDF p. 49):"
./man/Signk.Rd,6,STALE_OR_DEP,5.4.1,"\title{Sign-test statistic K -- Sec. 5.4; eq. (5.4.1); p. 168}"
./man/Signk.Rd,11,STALE_OR_DEP,5.4.1,"Sign-test statistic K -- Sec. 5.4; eq. (5.4.1); p. 168"
./man/Signmedci.Rd,6,STALE_OR_DEP,5.4.11,"\title{Median CI from sign-test inversion -- eq. (5.4.11); p. 179}"
./man/Signmedci.Rd,11,STALE_OR_DEP,5.4.11,"Median CI from sign-test inversion -- eq. (5.4.11); p. 179"
./man/Signn.Rd,6,STALE_OR_DEP,5.4.9,"\title{Sign-test sample size -- eq. (5.4.9); p. 179}"
./man/Signn.Rd,11,STALE_OR_DEP,5.4.9,"Sign-test sample size -- eq. (5.4.9); p. 179"
./man/Signnasy.Rd,6,STALE_OR_DEP,5.4.9,"\title{Two-sided sign-test sample size -- eq. (5.4.9) with alpha/2; p. 179}"
./man/Signnasy.Rd,11,STALE_OR_DEP,5.4.9,"Two-sided sign-test sample size -- eq. (5.4.9) with alpha/2; p. 179"
./man/Signp.Rd,6,STALE_OR_DEP,5.4.3,"\title{Exact sign-test p-value -- eq. (5.4.3); p. 169}"
./man/Signp.Rd,11,STALE_OR_DEP,5.4.3,"Exact sign-test p-value -- eq. (5.4.3); p. 169"
./man/Signpow.Rd,6,STALE_OR_DEP,5.4.8,"\title{Power of the sign test -- eq. (5.4.8); Table 5.4.1; p. 174}"
./man/Signpow.Rd,6,STALE_OR_DEP,5.4.8,"\title{Power of the sign test -- eq. (5.4.8); Table 5.4.1; p. 174}"
./man/Signpow.Rd,11,STALE_OR_DEP,5.4.8,"Power of the sign test -- eq. (5.4.8); Table 5.4.1; p. 174"
./man/Signpow.Rd,11,STALE_OR_DEP,5.4.8,"Power of the sign test -- eq. (5.4.8); Table 5.4.1; p. 174"
./man/Signsimpow.Rd,6,STALE_OR_DEP,5.4.5,"\title{Simulated sign-test power over supplied samples -- Sec. 5.4.5; p. 175}"
./man/Signsimpow.Rd,11,STALE_OR_DEP,5.4.5,"Simulated sign-test power over supplied samples -- Sec. 5.4.5; p. 175"
./man/Signz.Rd,6,STALE_OR_DEP,5.4.7,"\title{Sign-test normal approximation -- eq. (5.4.7); p. 174}"
./man/Signz.Rd,11,STALE_OR_DEP,5.4.7,"Sign-test normal approximation -- eq. (5.4.7); p. 174"
./man/Signzero.Rd,6,STALE_OR_DEP,5.4.8,"\title{Zero differences in the sign test -- Sec. 5.4.8; p. 180}"
./man/Signzero.Rd,11,STALE_OR_DEP,5.4.8,"Zero differences in the sign test -- Sec. 5.4.8; p. 180"
./man/Simident.Rd,32,STALE_OR_DEP,2.3.1,"Econometrics; Section 2.3.1; Theorem 2.1 (pages 12-14).  Model"
./man/Simidentd.Rd,28,STALE_OR_DEP,2.3.2,"Econometrics; Section 2.3.2; equation (2.13) (pages 15-16).  When"
./man/Sindex.Rd,53,STALE_OR_DEP,2.5.1,"Econometrics; Section 2.5.1; equations (2.22) to (2.25) and Theorem"
./man/Slope1.Rd,52,STALE_OR_DEP,1.9781611972757.43,"\doi{10.1137/1.9781611972757.43}"
./man/SmPgram.Rd,15,STALE_OR_DEP,4.7.2,"in Schabenberger & Gotway: Daniell and smoothed periodogram are absent from the book; whose Sec. 4.7.2 fits a parametric spectral density instead.  See Bloomfield (2000); Fourier Analysis of Time Series; 2nd edn; Ch. 8.  The window is CIRCULAR; a truncating window would bias both ends."
./man/Smsciband.Rd,62,STALE_OR_DEP,4.3.3,"Econometrics; Section 4.3.3: equation (4.25) (page 109); Theorem 4.5"
./man/Snr.Rd,6,STALE_OR_DEP,3.2.1,"\title{Section 3.2.1 gives two definitions in one sentence; and they are not}"
./man/SnrFilt.Rd,6,STALE_OR_DEP,3.2.1,"\title{The power form of Section 3.2.1 applied to the residual against a}"
./man/SpAcf.Rd,17,STALE_OR_DEP,1.4.2,"Sec. 1.4.2 and Chapter problem 1.14.  C(0) uses the 1/n divisor."
./man/SpErrMod.Rd,6,STALE_OR_DEP,6.2.2.1,"\title{SAR ERROR model; eqs (6.35)-(6.37) of Sec. 6.2.2.1 -- NOT the}"
./man/SpGam.Rd,17,STALE_OR_DEP,5.3.1,"as the saddle-point system [K + n lam I; T; T\'; 0].  T = [1; s1; s2; X] spans the null space of the penalty and must NOT be shrunk; dropping the T\'c = 0 block leaves the system singular.  Duchon (1977); Wood (2006) Ch. 4.  NOT in Schabenberger & Gotway; whose parametric analogue is Sec. 5.3.1."
./man/Spearrho.Rd,6,STALE_OR_DEP,11.3.2,"\title{Spearman rank correlation -- Sec. 11.3; eq. (11.3.2); p. 407}"
./man/Spearrho.Rd,11,STALE_OR_DEP,11.3.2,"Spearman rank correlation -- Sec. 11.3; eq. (11.3.2); p. 407"
./man/SpecEntropy.Rd,17,STALE_OR_DEP,6.4.4,"defines the spectral MOMENTS of Section 6.4.4 but prints no spectral-entropy equation; so this is said to be eq (3.11) applied to the PSD rather than quoted from the book."
./man/SpecRad.Rd,15,STALE_OR_DEP,6.2.2.1,"condition in the PROSE of Sec. 6.2.2.1; p. 336 (1/theta_min < rho < 1/theta_max; after Haining 1990 p. 82) -- NOT from eq (6.48); which is the CAR information matrix.  Anything in this package citing (6.48) for the rho interval is miscited."
./man/SphVario.Rd,17,STALE_OR_DEP,4.3.6,"plus the nugget of Sec. 4.3.6; covariance eq (4.14).  gamma(0) = 0 ALWAYS -- the discontinuity at the origin IS the nugget; and dropping the h = 0 case is the usual way to lose it."
./man/Spmlebin.Rd,53,STALE_OR_DEP,2.5.3,"Econometrics; Section 2.5.3; equation (2.33) and the semiparametric"
./man/Srstotal.Rd,33,STALE_OR_DEP,1.2.4,"samplingbook 1.2.4; whose Smean uses the same finite-population-"
./man/Ssgnmom.Rd,45,STALE_OR_DEP,5.3.1,"Sec. 5.3.1. With \verb{Stilde = n - sum_i K(-X_i/h)};"
./man/Ssgnmom.Rd,72,STALE_OR_DEP,5.3.1,"Fauzi and Maesono (2023); Sec. 5.3.1 and Theorem 5.10; Maesono; Moriyama and Lu (2018); AISM 70:969-982."
./man/Stratdes.Rd,39,STALE_OR_DEP,1.2.4,"CRAN package samplingbook 1.2.4; whose stratasamp uses exactly these"
./man/Stratmean.Rd,38,STALE_OR_DEP,1.2.4,"reference implementation in the CRAN package samplingbook 1.2.4;"
./man/Suffstat.Rd,30,STALE_OR_DEP,9.13.2,"Wasserman (2004); All of Statistics; Section 9.13.2;"
./man/Sukhatme.Rd,6,STALE_OR_DEP,9.7.1,"\title{Sukhatme scale test -- eq. (9.7.1); p. 323}"
./man/Sukhatme.Rd,11,STALE_OR_DEP,9.7.1,"Sukhatme scale test -- eq. (9.7.1); p. 323"
./man/Svm.Rd,6,STALE_OR_DEP,10.4.5,"\title{Section 10.4.5.  Only the patterns with a_i > 0 -- the SUPPORT}"
./man/Swilmom.Rd,23,STALE_OR_DEP,5.3.1,"Sec. 5.3.1. With \verb{Wtilde = n(n+1)/2 - sum_\{i<=j\} K(-(X_i+X_j)/(2h))};"
./man/Swilmom.Rd,50,STALE_OR_DEP,5.3.1,"Fauzi and Maesono (2023); Sec. 5.3.1; Maesono; Moriyama and Lu (2018); AISM 70:969-982."
./man/TWaveDet.Rd,6,STALE_OR_DEP,4.3.4,"\title{Gritzali et al.; Section 4.3.4.  The QRS is detected first; blanked}"
./man/Taunull.Rd,6,STALE_OR_DEP,11.2.1,"\title{Null distribution of S = P - Q -- Sec. 11.2.1; p. 395}"
./man/Taunull.Rd,11,STALE_OR_DEP,11.2.1,"Null distribution of S = P - Q -- Sec. 11.2.1; p. 395"
./man/Taupartial.Rd,6,STALE_OR_DEP,12.6.1,"\title{Kendall partial tau -- Sec. 12.6; eq. (12.6.1); p. 467}"
./man/Taupartial.Rd,11,STALE_OR_DEP,12.6.1,"Kendall partial tau -- Sec. 12.6; eq. (12.6.1); p. 467"
./man/Tautrend.Rd,6,STALE_OR_DEP,11.2.5,"\title{Kendall tau trend test -- Sec. 11.2.5; p. 406}"
./man/Tautrend.Rd,11,STALE_OR_DEP,11.2.5,"Kendall tau trend test -- Sec. 11.2.5; p. 406"
./man/Tldepl.Rd,31,STALE_OR_DEP,2.1.10,"Dependence Concepts. Chapman and Hall; section 2.1.10."
./man/Tldepu.Rd,30,STALE_OR_DEP,2.1.10,"Dependence Concepts. Chapman and Hall; section 2.1.10."
./man/Tmleboot.Rd,60,STALE_OR_DEP,2.1.1,"Verified against the CRAN package tmle 2.1.1 (Gruber & van"
./man/Tmlecat.Rd,40,STALE_OR_DEP,2.1.1,"Verified against the CRAN package tmle 2.1.1 (Gruber & van"
./man/Tmlecde.Rd,49,STALE_OR_DEP,2.1.1,"verified in the CRAN package tmle 2.1.1 (Gruber & van der Laan); with"
./man/Tmleinf.Rd,37,STALE_OR_DEP,2.1.1,"Verified against the CRAN package tmle 2.1.1 (Gruber & van"
./man/Tmleor.Rd,40,STALE_OR_DEP,2.1.1,"Verified against the CRAN package tmle 2.1.1 (Gruber & van"
./man/Tmleqs.Rd,44,STALE_OR_DEP,2.1.1,"Verified against the CRAN package tmle 2.1.1 (Gruber & van"
./man/Tmlerd.Rd,42,STALE_OR_DEP,2.1.1,"package tmle 2.1.1 (Gruber & van der Laan); its fluctuation glm and"
./man/Tmlestab.Rd,41,STALE_OR_DEP,2.1.1,"Verified against the CRAN package tmle 2.1.1 (Gruber & van"
./man/Tmlevar.Rd,38,STALE_OR_DEP,2.1.1,"var.psi <- var(IC)/n of the CRAN package tmle 2.1.1 (Gruber & van der"
./man/TurnsCount.Rd,6,STALE_OR_DEP,5.6.3,"\title{Section 5.6.3; Willison: a turn is a change of slope; counted only}"
./man/TwaEmd.Rd,6,STALE_OR_DEP,9.2.3,"\title{Odd/even T-wave alternans after EMD detrending; Sec 9.2.3 + Sec 9.4}"
./man/Twostage.Rd,40,STALE_OR_DEP,1.2.4,"package samplingbook 1.2.4; function submean with method = ratio."
./man/Unobts.Rd,40,STALE_OR_DEP,3.3.4,"DIFFUSE PRIOR. Sec. 3.3.4's limit of an infinite prior variance is"
./man/Unobts.Rd,45,STALE_OR_DEP,2.3.4,"of Sec. 2.3.4 is NOT implemented -- it needs two further states plus a"
./man/Vaecf.Rd,55,STALE_OR_DEP,2.2.2,"the partial regularisation of Section 2.2.2."
./man/Varest.Rd,24,STALE_OR_DEP,2.1.1,"Eq. (2.1.1)/(3.2.1); y_t = nu + A_1 y_\{t-1\} + ... + A_p y_\{t-p\} + u_t;"
./man/Varest.Rd,24,STALE_OR_DEP,2.1.1,"Eq. (2.1.1)/(3.2.1); y_t = nu + A_1 y_\{t-1\} + ... + A_p y_\{t-p\} + u_t;"
./man/Varest.Rd,33,STALE_OR_DEP,3.4.5,"U'U/(T - Kp - 1). The Gaussian log-likelihood (Eq. 3.4.5) is"
./man/Varrd.Rd,22,STALE_OR_DEP,15.4.1,"(2022) sec. 15.4.1 p.642 prints the same criterion in its weighted"
./man/Varrd.Rd,31,STALE_OR_DEP,15.4.1,"MVSML (2022) sec. 15.4.1 pp.641-642; Breiman et al."
./man/Vdw.Rd,6,STALE_OR_DEP,8.3.2,"\title{van der Waerden test -- Sec. 8.3.2; p. 301}"
./man/Vdw.Rd,11,STALE_OR_DEP,8.3.2,"van der Waerden test -- Sec. 8.3.2; p. 301"
./man/VfDetect.Rd,6,STALE_OR_DEP,1.2.4,"\title{Sections 1.2.4 and 8.11 describe VF but give NO detector and NO}"
./man/Wsignif.Rd,6,STALE_OR_DEP,12.4.2,"\title{Concordance W significance test -- Sec. 12.4.2; p. 455}"
./man/Wsignif.Rd,11,STALE_OR_DEP,12.4.2,"Concordance W significance test -- Sec. 12.4.2; p. 455"
./man/Wsr.Rd,6,STALE_OR_DEP,5.7.1,"\title{Wilcoxon signed-rank T+ -- Sec. 5.7; eqs. (5.7.1)/(5.7.9); p. 195}"
./man/Wsr.Rd,6,STALE_OR_DEP,5.7.1,"\title{Wilcoxon signed-rank T+ -- Sec. 5.7; eqs. (5.7.1)/(5.7.9); p. 195}"
./man/Wsr.Rd,11,STALE_OR_DEP,5.7.1,"Wilcoxon signed-rank T+ -- Sec. 5.7; eqs. (5.7.1)/(5.7.9); p. 195"
./man/Wsr.Rd,11,STALE_OR_DEP,5.7.1,"Wilcoxon signed-rank T+ -- Sec. 5.7; eqs. (5.7.1)/(5.7.9); p. 195"
./man/Wsrci.Rd,6,STALE_OR_DEP,5.7.5,"\title{Walsh-average confidence interval -- Sec. 5.7.5; pp. 207-209}"
./man/Wsrci.Rd,11,STALE_OR_DEP,5.7.5,"Walsh-average confidence interval -- Sec. 5.7.5; pp. 207-209"
./man/Wsrmom.Rd,6,STALE_OR_DEP,5.7.2,"\title{Null moments of T+ -- eq. (5.7.2); p. 197}"
./man/Wsrmom.Rd,11,STALE_OR_DEP,5.7.2,"Null moments of T+ -- eq. (5.7.2); p. 197"
./man/Wsrn.Rd,6,STALE_OR_DEP,5.7.15,"\title{Signed-rank sample size -- eq. (5.7.15); p. 206}"
./man/Wsrn.Rd,11,STALE_OR_DEP,5.7.15,"Signed-rank sample size -- eq. (5.7.15); p. 206"
./man/Wsrpow.Rd,6,STALE_OR_DEP,5.7.13,"\title{Signed-rank power -- eqs. (5.7.13)-(5.7.14); p. 205}"
./man/Wsrpow.Rd,6,STALE_OR_DEP,5.7.13,"\title{Signed-rank power -- eqs. (5.7.13)-(5.7.14); p. 205}"
./man/Wsrpow.Rd,11,STALE_OR_DEP,5.7.13,"Signed-rank power -- eqs. (5.7.13)-(5.7.14); p. 205"
./man/Wsrpow.Rd,11,STALE_OR_DEP,5.7.13,"Signed-rank power -- eqs. (5.7.13)-(5.7.14); p. 205"
./man/Wsrsimpow.Rd,6,STALE_OR_DEP,5.7.3,"\title{Simulated signed-rank power over supplied samples -- Sec. 5.7.3; p. 204}"
./man/Wsrsimpow.Rd,11,STALE_OR_DEP,5.7.3,"Simulated signed-rank power over supplied samples -- Sec. 5.7.3; p. 204"
./man/Wsrsym.Rd,6,STALE_OR_DEP,5.7.7,"\title{Signed-rank test of symmetry -- Sec. 5.7.7; p. 211}"
./man/Wsrsym.Rd,11,STALE_OR_DEP,5.7.7,"Signed-rank test of symmetry -- Sec. 5.7.7; p. 211"
./man/Wsrties.Rd,6,STALE_OR_DEP,5.7.10,"\title{Tie-corrected Var[T+] -- eqs. (5.7.10)-(5.7.11); p. 203}"
./man/Wsrties.Rd,6,STALE_OR_DEP,5.7.10,"\title{Tie-corrected Var[T+] -- eqs. (5.7.10)-(5.7.11); p. 203}"
./man/Wsrties.Rd,11,STALE_OR_DEP,5.7.10,"Tie-corrected Var[T+] -- eqs. (5.7.10)-(5.7.11); p. 203"
./man/Wsrties.Rd,11,STALE_OR_DEP,5.7.10,"Tie-corrected Var[T+] -- eqs. (5.7.10)-(5.7.11); p. 203"
./man/Wsrz.Rd,6,STALE_OR_DEP,5.7.9,"\title{Signed-rank normal approximation -- eq. (5.7.9); p. 202}"
./man/Wsrz.Rd,11,STALE_OR_DEP,5.7.9,"Signed-rank normal approximation -- eq. (5.7.9); p. 202"
./man/Wstnbrg.Rd,6,STALE_OR_DEP,9.9.1,"\title{Westenberg interquartile scale test -- eq. (9.9.1); p. 329}"
./man/Wstnbrg.Rd,11,STALE_OR_DEP,9.9.1,"Westenberg interquartile scale test -- eq. (9.9.1); p. 329"
./man/Wwties.Rd,6,STALE_OR_DEP,6.2.1,"\title{Runs-test tie bounds -- Sec. 6.2.1; p. 233}"
./man/Wwties.Rd,11,STALE_OR_DEP,6.2.1,"Runs-test tie bounds -- Sec. 6.2.1; p. 233"
./man/Zestim.Rd,42,STALE_OR_DEP,2.2.5,"Semiparametric Inference; Section 2.2.5 and Theorem 10.16. Fetched as"
./man/anderson_darling.Rd,46,STALE_OR_DEP,4.7.1,"Inference}; 5th edn. CRC Press. Section 4.7 and Table 4.7.1."
./man/bpr_auc_R.Rd,30,STALE_OR_DEP,4.1.1,"sigma(x_uij); the Gaussian prior; and BPR-Opt). Sec. 4.1.1 (the AUC"
./man/bpr_learn_bpr_R.Rd,37,STALE_OR_DEP,4.1.1,"sigma(x_uij); the Gaussian prior; and BPR-Opt). Sec. 4.1.1 (the AUC"
./man/bpr_opt_R.Rd,31,STALE_OR_DEP,4.1.1,"sigma(x_uij); the Gaussian prior; and BPR-Opt). Sec. 4.1.1 (the AUC"
./man/bpr_predict.Rd,30,STALE_OR_DEP,4.1.1,"sigma(x_uij); the Gaussian prior; and BPR-Opt). Sec. 4.1.1 (the AUC"
./man/bpr_recommend_R.Rd,36,STALE_OR_DEP,4.1.1,"sigma(x_uij); the Gaussian prior; and BPR-Opt). Sec. 4.1.1 (the AUC"
./man/bpr_sigmoid.Rd,30,STALE_OR_DEP,4.1.1,"sigma(x_uij); the Gaussian prior; and BPR-Opt). Sec. 4.1.1 (the AUC"
./man/concordance.Rd,40,STALE_OR_DEP,165.4.2213,"doi:10.1093/genetics/165.4.2213. The copying model."
./man/copying_model.Rd,42,STALE_OR_DEP,165.4.2213,"doi:10.1093/genetics/165.4.2213. The copying model."
./man/ctmle_sequence.Rd,31,STALE_OR_DEP,10.1.1,"Examples 10.2 and 10.3; Sec. 10.1.1)."
./man/dot-bsapsdmom.Rd,5,STALE_OR_DEP,6.4.1,"\title{Moments of a PSD treated as a density; Rangayyan (2024) Section 6.4.1}"
./man/dot-fz_kdfe_h.Rd,21,STALE_OR_DEP,5.3.2,"normal reference is 4^(1/3) sigma n^(-1/3). Sec. 5.3.2 states the"
./man/dot-hrz3_ade.Rd,5,STALE_OR_DEP,2.6.1,"\title{Density-weighted average derivative; Horowitz Sec. 2.6.1:}"
./man/dot-morie_qrs_ptbp.Rd,16,STALE_OR_DEP,4.3.2,"coefficients are integers tied to fs = 200 Hz (book; Section 4.3.2)"
./man/dot-s03hcK1.Rd,5,STALE_OR_DEP,3.6.4,"\title{Equation (3.6.4) p. 47}"
./man/dot-s03hcK2.Rd,5,STALE_OR_DEP,3.6.9,"\title{Equation (3.6.9) p. 48}"
./man/dot-s03hcU.Rd,5,STALE_OR_DEP,3.4.7,"\title{Matern eq. (3.4.7) p. 38 at n = 2: area of the union of two discs}"
./man/dot-s03lens.Rd,19,STALE_OR_DEP,3.4.4,"(1960) V_n(A; A; v) of eq. (3.4.4) p. 38; at n = 2.  Shared with"
./man/dot-s03maternk.Rd,5,STALE_OR_DEP,2.4.7,"\title{Equation (2.4.7) p. 18 at a single lag.  Written in logs so that"
./man/dot-schab_correlation_matrix.Rd,23,STALE_OR_DEP,5.5.2,"[0; 1] -- the reparameterisation Sec. 5.5.2 calls for."
./man/dot-schab_data_covariance.Rd,5,STALE_OR_DEP,6.3.5.3,"\title{Sigma^2 V^1/2 R V^1/2; on the DATA scale. Sec. 6.3.5.3 writes its"
./man/dot-schab_error_contrasts.Rd,5,STALE_OR_DEP,4.5.2,"\title{A matrix K of error contrasts: full row rank; K X = 0. Sec. 4.5.2"
./man/dot-schab_semivariogram_jacobian.Rd,26,STALE_OR_DEP,4.3.6,"definition whatever the nugget (Sec. 4.3.6)."
./man/dot-schab_simple_kriging_variance.Rd,18,STALE_OR_DEP,7.2.2,"identity that closes Sec. 7.2.2."
./man/dot-schab_st_separability_test.Rd,5,STALE_OR_DEP,6.2.3,"\title{Sec. 6.2.3 states the rule outright: on the boundary of the parameter}"
./man/dot-wsm_bandwidth.Rd,5,STALE_OR_DEP,3.4.2,"\title{Silverman Sec. 3.4.2. 3.28 is 1.06 sigma n^(-1/5); the pure}"
./man/impute_dosage.Rd,41,STALE_OR_DEP,165.4.2213,"doi:10.1093/genetics/165.4.2213. The copying model."
./man/info_score.Rd,39,STALE_OR_DEP,165.4.2213,"doi:10.1093/genetics/165.4.2213. The copying model."
./man/local_centering.Rd,29,STALE_OR_DEP,6.1.1,"6.1.1 on local centering."
./man/merge_panels.Rd,40,STALE_OR_DEP,165.4.2213,"doi:10.1093/genetics/165.4.2213. The copying model."
./man/midranks.Rd,5,STALE_OR_DEP,5.6.2,"\title{Midrank vector with tie summary (Gibbons Ch 5.6.2)}"
./man/morie_anamorphosis.Rd,27,STALE_OR_DEP,5.6.2,"Schabenberger Ch 5; Sec 5.6.2; eq (5.60)"
./man/morie_are_nonparametric.Rd,19,STALE_OR_DEP,13.3.1,"Table 13.3.1 (PDF-verified; printed p. 492) plus the efficacy"
./man/morie_are_nonparametric.Rd,21,STALE_OR_DEP,13.3.3,"bounds; and the scale-test values of Sec. 13.3.3. Mirrors the"
./man/morie_are_nonparametric.Rd,33,STALE_OR_DEP,13.3.1,"Gibbons & Chakraborti (2021); Table 13.3.1;"
./man/morie_are_nonparametric.Rd,34,STALE_OR_DEP,13.3.3,"Sec. 13.3.3. Hodges & Lehmann (1956); Ann. Math. Statist. 27(2);"
./man/morie_average_derivative.Rd,38,STALE_OR_DEP,2.6.1,"Horowitz; Ch. 2; Sec. 2.6.1."
./man/morie_average_derivative_hat.Rd,33,STALE_OR_DEP,2.6.1,"Horowitz; Ch. 2; Sec. 2.6.1-2.6.2."
./man/morie_average_derivative_hat.Rd,33,STALE_OR_DEP,2.6.1,"Horowitz; Ch. 2; Sec. 2.6.1-2.6.2."
./man/morie_backdoor_adjustment.Rd,38,STALE_OR_DEP,3.3.2,"Pearl J (2009). \emph{Causality}; 2nd edn; Thm 3.3.2."
./man/morie_backdoor_criterion.Rd,42,STALE_OR_DEP,3.3.1,"Pearl J (2009). \emph{Causality}; 2nd edn; Def. 3.3.1."
./man/morie_baseline_hazard.Rd,53,STALE_OR_DEP,6.2.4,"Horowitz; Sec. 6.2.4; eqs. (6.44)-(6.48)."
./man/morie_boyd_newton_decrement.Rd,29,STALE_OR_DEP,9.5.1,"Sec 9.5.1."
./man/morie_causal_weighting.Rd,61,STALE_OR_DEP,1.4.0,"Observational Studies. R package version 1.4.0."
./man/morie_chemsc.Rd,40,STALE_OR_DEP,8.4.1,"8.4.1 to 8.4.6. Every default parameter value used here."
./man/morie_chemsc.Rd,40,STALE_OR_DEP,8.4.1,"8.4.1 to 8.4.6. Every default parameter value used here."
./man/morie_chemsc_block.Rd,31,STALE_OR_DEP,8.4.1,"8.4.1 to 8.4.6. Every default parameter value used here."
./man/morie_chemsc_block.Rd,31,STALE_OR_DEP,8.4.1,"8.4.1 to 8.4.6. Every default parameter value used here."
./man/morie_chemsc_cheatsheet.Rd,26,STALE_OR_DEP,8.4.1,"8.4.1 to 8.4.6. Every default parameter value used here."
./man/morie_chemsc_cheatsheet.Rd,26,STALE_OR_DEP,8.4.1,"8.4.1 to 8.4.6. Every default parameter value used here."
./man/morie_chemsc_clash.Rd,32,STALE_OR_DEP,8.4.1,"8.4.1 to 8.4.6. Every default parameter value used here."
./man/morie_chemsc_clash.Rd,32,STALE_OR_DEP,8.4.1,"8.4.1 to 8.4.6. Every default parameter value used here."
./man/morie_chemsc_hbond.Rd,33,STALE_OR_DEP,8.4.1,"8.4.1 to 8.4.6. Every default parameter value used here."
./man/morie_chemsc_hbond.Rd,33,STALE_OR_DEP,8.4.1,"8.4.1 to 8.4.6. Every default parameter value used here."
./man/morie_chemsc_lipophilic.Rd,31,STALE_OR_DEP,8.4.1,"8.4.1 to 8.4.6. Every default parameter value used here."
./man/morie_chemsc_lipophilic.Rd,31,STALE_OR_DEP,8.4.1,"8.4.1 to 8.4.6. Every default parameter value used here."
./man/morie_chemsc_metal.Rd,31,STALE_OR_DEP,8.4.1,"8.4.1 to 8.4.6. Every default parameter value used here."
./man/morie_chemsc_metal.Rd,31,STALE_OR_DEP,8.4.1,"8.4.1 to 8.4.6. Every default parameter value used here."
./man/morie_chemsc_rot.Rd,29,STALE_OR_DEP,8.4.1,"8.4.1 to 8.4.6. Every default parameter value used here."
./man/morie_chemsc_rot.Rd,29,STALE_OR_DEP,8.4.1,"8.4.1 to 8.4.6. Every default parameter value used here."
./man/morie_chemsc_score.Rd,43,STALE_OR_DEP,8.4.1,"8.4.1 to 8.4.6. Every default parameter value used here."
./man/morie_chemsc_score.Rd,43,STALE_OR_DEP,8.4.1,"8.4.1 to 8.4.6. Every default parameter value used here."
./man/morie_chemsc_smooth_block.Rd,32,STALE_OR_DEP,8.4.1,"8.4.1 to 8.4.6. Every default parameter value used here."
./man/morie_chemsc_smooth_block.Rd,32,STALE_OR_DEP,8.4.1,"8.4.1 to 8.4.6. Every default parameter value used here."
./man/morie_chemsc_torsion.Rd,32,STALE_OR_DEP,8.4.1,"8.4.1 to 8.4.6. Every default parameter value used here."
./man/morie_chemsc_torsion.Rd,32,STALE_OR_DEP,8.4.1,"8.4.1 to 8.4.6. Every default parameter value used here."
./man/morie_chen_transform.Rd,65,STALE_OR_DEP,6.3.3,"Horowitz; Sec. 6.3.3; eq. (6.67); CT1-CT6;"
./man/morie_choice_based_max_score.Rd,58,STALE_OR_DEP,4.4.1,"Horowitz; Sec. 4.4.1; eqs. (4.33)-(4.35);"
./man/morie_choice_based_shares.Rd,29,STALE_OR_DEP,4.4.1,"Horowitz; Sec. 4.4.1; printed p. 123."
./man/morie_contingency_coefficient.Rd,5,STALE_OR_DEP,14.2.1,"\title{Pearson contingency coefficient C (Gibbons Ch 14.2.1)}"
./man/morie_cressie_hawkins.Rd,57,STALE_OR_DEP,4.4.2,"Schabenberger O; Gotway CA (2005); Sec 4.4.2; eq (4.26);"
./man/morie_crypto_liboqs_version.Rd,10,STALE_OR_DEP,0.15.0,"Single character (e.g. \code{0.15.0}); empty if liboqs absent."
./man/morie_crypto_sodium_version.Rd,14,STALE_OR_DEP,1.0.20,"\code{1.0.20}); empty string if libsodium wasn't linked."
./man/morie_deconv_normality.Rd,40,STALE_OR_DEP,5.1.3,"Horowitz; Ch. 5; Sec. 5.1.3."
./man/morie_deconv_rate.Rd,33,STALE_OR_DEP,5.1.1,"Horowitz; Ch. 5; Sec. 5.1.1-5.1.2."
./man/morie_deconv_rate.Rd,33,STALE_OR_DEP,5.1.1,"Horowitz; Ch. 5; Sec. 5.1.1-5.1.2."
./man/morie_describe.Rd,23,STALE_OR_DEP,0.9.5.4,"\code{morie.describe()} function (closing the v0.9.5.4 parity"
./man/morie_describe.Rd,24,STALE_OR_DEP,0.9.5.5,"gap; shipped in v0.9.5.5)."
./man/morie_did_wild_cluster_bootstrap.Rd,51,STALE_OR_DEP,0.9.5.12,"dropped in 0.9.5.12 because fwildclusterboot is GitHub-only and"
./man/morie_direct_discrete.Rd,67,STALE_OR_DEP,2.6.3,"Horowitz; Sec. 2.6.3; eqs. (2.45)-(2.51);"
./man/morie_dp_predictive.Rd,22,STALE_OR_DEP,4.1.4,"(\alpha+n)^{-1}\sum_k n_k \delta_{X_k^*}} (Sec. 4.1.4). Closed"
./man/morie_dp_predictive.Rd,23,STALE_OR_DEP,4.1.3,"form: conjugacy (Sec. 4.1.3) makes the posterior"
./man/morie_dp_predictive.Rd,36,STALE_OR_DEP,4.1.3,"Ghosal and van der Vaart; Sec. 4.1.3-4.1.4."
./man/morie_dp_predictive.Rd,36,STALE_OR_DEP,4.1.3,"Ghosal and van der Vaart; Sec. 4.1.3-4.1.4."
./man/morie_esl_iwls.Rd,49,STALE_OR_DEP,4.4.1,"Hastie; T.; et al. (2009). ESL (2nd ed.); Sec 4.4.1. Springer."
./man/morie_esl_weight_decay.Rd,31,STALE_OR_DEP,11.5.2,"Hastie; T.; et al. (2009). ESL (2nd ed.); Sec 11.5.2. Springer."
./man/morie_evt_bayes_gev.Rd,19,STALE_OR_DEP,9.1.3,"(Coles 2001 sec. 9.1.3 vague-normal-prior recipe)"
./man/morie_evt_gev_mle.Rd,5,STALE_OR_DEP,3.3.2,"\title{GEV maximum-likelihood fit (Coles 2001 sec. 3.3.2)}"
./man/morie_evt_gev_mle.Rd,16,STALE_OR_DEP,3.3.2,"GEV maximum-likelihood fit (Coles 2001 sec. 3.3.2)"
./man/morie_evt_gpd_mle.Rd,6,STALE_OR_DEP,4.3.2,"\title{GPD maximum-likelihood fit (Coles 2001 sec. 4.3.2)}"
./man/morie_evt_gpd_mle.Rd,14,STALE_OR_DEP,4.3.2,"GPD maximum-likelihood fit (Coles 2001 sec. 4.3.2)"
./man/morie_evt_pickands.Rd,23,STALE_OR_DEP,3.3.5,"Thm. 3.3.5; 3/(4 log^2 2) at xi = 0) is far above Hill's xi^2"
./man/morie_evt_pickands.Rd,32,STALE_OR_DEP,3.3.5,"de Haan and Ferreira (2006); Thm. 3.3.5."
./man/morie_evt_xi_ci_profile.Rd,6,STALE_OR_DEP,2.6.5,"\title{Profile-likelihood CI for the shape xi (Coles 2001 sec. 2.6.5)}"
./man/morie_evt_xi_ci_profile.Rd,17,STALE_OR_DEP,2.6.5,"Profile-likelihood CI for the shape xi (Coles 2001 sec. 2.6.5)"
./man/morie_fauzi_kdfe.Rd,29,STALE_OR_DEP,5.3.2,"density rule. Sec. 5.3.2 of the book is explicit that Azzalini"
./man/morie_fauzi_kdfe.Rd,39,STALE_OR_DEP,5.3.2,"Fauzi and Maesono (2023); Eq. (2.2) and Sec. 5.3.2;"
./man/morie_first_passage_time.Rd,67,STALE_OR_DEP,5.2.3,"Horowitz; Sec. 5.2.3; eq. (5.20)."
./man/morie_funBand.Rd,38,STALE_OR_DEP,2.1.2,"Generalized Linear Models; Chapman and Hall; ISBN 978-0-412-30040-0; Sec 2.1.2."
./man/morie_funBand_cheatsheet.Rd,23,STALE_OR_DEP,2.1.2,"Generalized Linear Models; Chapman and Hall; ISBN 978-0-412-30040-0; Sec 2.1.2."
./man/morie_funBand_gcv_score.Rd,27,STALE_OR_DEP,2.1.2,"Generalized Linear Models; Chapman and Hall; ISBN 978-0-412-30040-0; Sec 2.1.2."
./man/morie_funBand_influence_matrix.Rd,27,STALE_OR_DEP,2.1.2,"Generalized Linear Models; Chapman and Hall; ISBN 978-0-412-30040-0; Sec 2.1.2."
./man/morie_gini_gamma.Rd,31,STALE_OR_DEP,5.1.4,"(2nd ed.). Springer. Sec. 5.1.4."
./man/morie_gp_density_rate.Rd,27,STALE_OR_DEP,11.3.1,"(Sec. 11.3.1). The kernel decides the answer: Matern matched to"
./man/morie_gp_density_rate.Rd,43,STALE_OR_DEP,11.3.1,"Ghosal and van der Vaart; Sec. 11.3.1 and Ch. 11."
./man/morie_hadcrut.Rd,44,STALE_OR_DEP,4.0.0.0,"the Met Office Hadley Centre HadSST.4.0.0.0 data set. Journal of"
./man/morie_hadcrut_area_mean.Rd,33,STALE_OR_DEP,4.0.0.0,"the Met Office Hadley Centre HadSST.4.0.0.0 data set. Journal of"
./man/morie_hadcrut_blend.Rd,38,STALE_OR_DEP,4.0.0.0,"the Met Office Hadley Centre HadSST.4.0.0.0 data set. Journal of"
./man/morie_hadcrut_cheatsheet.Rd,28,STALE_OR_DEP,4.0.0.0,"the Met Office Hadley Centre HadSST.4.0.0.0 data set. Journal of"
./man/morie_hadcrut_coverage_error.Rd,33,STALE_OR_DEP,4.0.0.0,"the Met Office Hadley Centre HadSST.4.0.0.0 data set. Journal of"
./man/morie_hadcrut_weights.Rd,36,STALE_OR_DEP,4.0.0.0,"the Met Office Hadley Centre HadSST.4.0.0.0 data set. Journal of"
./man/morie_kriging_pred_error.Rd,61,STALE_OR_DEP,5.5.4,"Schabenberger O; Gotway CA (2005); Sec 5.5.4; eq"
./man/morie_krigun.Rd,27,STALE_OR_DEP,3.4.5,"Cressie (1993) sec. 3.4.5; Schabenberger & Gotway (2005) ch. 5."
./man/morie_ks_limit.Rd,21,STALE_OR_DEP,4.3.3,"Theorem 4.3.3 (two-sided Kolmogorov series L(d)); Theorem 4.3.5"
./man/morie_ks_limit.Rd,21,STALE_OR_DEP,4.3.3,"Theorem 4.3.3 (two-sided Kolmogorov series L(d)); Theorem 4.3.5"
./man/morie_ks_limit.Rd,23,STALE_OR_DEP,4.3.5,"one-sided tail (eq. 4.3.5). Mirrors morie.fn.gb433/gb434bt/gb435/"
./man/morie_ks_limit.Rd,30,STALE_OR_DEP,4.3.3,"Gibbons & Chakraborti (2021); Theorems 4.3.3; 4.3.5;"
./man/morie_ks_limit.Rd,30,STALE_OR_DEP,4.3.3,"Gibbons & Chakraborti (2021); Theorems 4.3.3; 4.3.5;"
./man/morie_ks_limit.Rd,31,STALE_OR_DEP,4.3.5,"eq. (4.3.5); Corollary 4.3.5.1."
./man/morie_ks_limit.Rd,31,STALE_OR_DEP,4.3.5,"eq. (4.3.5); Corollary 4.3.5.1."
./man/morie_ksr02_kosorok_donsker_class.Rd,21,STALE_OR_DEP,2.5.4,"(Kosorok Ex 2.5.4); with bracketing number bounded by 2 / epsilon^2."
./man/morie_ksr02_kosorok_donsker_class.Rd,27,STALE_OR_DEP,2.5.2,"Kosorok (2008); Ch 2 (Theorem 2.5.2)."
./man/morie_longrd.Rd,33,STALE_OR_DEP,18.3.452,"452-464. doi:10.1093/bioinformatics/18.3.452."
./man/morie_longrd_align.Rd,26,STALE_OR_DEP,18.3.452,"452-464. doi:10.1093/bioinformatics/18.3.452."
./man/morie_longrd_cheatsheet.Rd,22,STALE_OR_DEP,18.3.452,"452-464. doi:10.1093/bioinformatics/18.3.452."
./man/morie_longrd_pileup.Rd,27,STALE_OR_DEP,18.3.452,"452-464. doi:10.1093/bioinformatics/18.3.452."
./man/morie_longrd_poa.Rd,27,STALE_OR_DEP,18.3.452,"452-464. doi:10.1093/bioinformatics/18.3.452."
./man/morie_longrd_rle.Rd,25,STALE_OR_DEP,18.3.452,"452-464. doi:10.1093/bioinformatics/18.3.452."
./man/morie_longrd_unrle.Rd,25,STALE_OR_DEP,18.3.452,"452-464. doi:10.1093/bioinformatics/18.3.452."
./man/morie_marginal_integration.Rd,55,STALE_OR_DEP,3.1.1,"Horowitz; Sec. 3.1.1; eqs. (3.5)-(3.9); Theorem 3.1;"
./man/morie_matheron_estimator.Rd,34,STALE_OR_DEP,4.4.1,"Schabenberger O; Gotway CA (2005); Sec 4.4.1; eq (4.24)"
./man/morie_midegf.Rd,36,STALE_OR_DEP,2.3.6,"Data; 2nd ed.; Sec. 2.3.6."
./man/morie_netcms.Rd,37,STALE_OR_DEP,17.3.2,"Sec. 17.3.2.  Friedman; J.; Hastie; T. and Tibshirani; R."
./man/morie_nls_weight_function.Rd,62,STALE_OR_DEP,2.5.2,"Horowitz; Sec. 2.5.2; eq. (2.32); Ichimura (1993);"
./man/morie_normal_scores.Rd,26,STALE_OR_DEP,5.6.2,"Schabenberger Ch 5; Sec 5.6.2; eq (5.60)"
./man/morie_npiv_quantile.Rd,34,STALE_OR_DEP,5.5.1,"Horowitz; Ch. 5; Sec. 5.5.1."
./man/morie_one_sample_coverage.Rd,5,STALE_OR_DEP,2.11.1,"\title{One-sample coverage probability (Gibbons Ch 2.11.1)}"
./man/morie_one_step_efficient.Rd,43,STALE_OR_DEP,2.6.1,"direct estimators of Sec. 2.6.1-2.6.3 are fast while minimising"
./man/morie_one_step_efficient.Rd,43,STALE_OR_DEP,2.6.1,"direct estimators of Sec. 2.6.1-2.6.3 are fast while minimising"
./man/morie_one_step_efficient.Rd,54,STALE_OR_DEP,2.6.4,"Horowitz; Sec. 2.6.4; eqs. (2.52)-(2.55)."
./man/morie_order_statistic_laws.Rd,32,STALE_OR_DEP,2.7.1,"Gibbons & Chakraborti (2021); Chs. 2.3; 2.7.1; 2.11.1;"
./man/morie_order_statistic_laws.Rd,32,STALE_OR_DEP,2.7.1,"Gibbons & Chakraborti (2021); Chs. 2.3; 2.7.1; 2.11.1;"
./man/morie_order_statistic_laws.Rd,33,STALE_OR_DEP,2.4.3.1,"Corollary 2.4.3.1."
./man/morie_ordered_categories.Rd,6,STALE_OR_DEP,14.6.1,"(Gibbons Ch 14.6.1)}"
./man/morie_ordered_max_score.Rd,65,STALE_OR_DEP,4.4.3,"Horowitz; Sec. 4.4.3; eqs. (4.41)-(4.43);"
./man/morie_panel_deconvolution.Rd,66,STALE_OR_DEP,5.2.1,"Horowitz; Sec. 5.2.1-5.2.2; eqs. (5.21)-(5.26);"
./man/morie_panel_deconvolution.Rd,66,STALE_OR_DEP,5.2.1,"Horowitz; Sec. 5.2.1-5.2.2; eqs. (5.21)-(5.26);"
./man/morie_panel_densities.Rd,52,STALE_OR_DEP,5.2.1,"Horowitz; Sec. 5.2.1-5.2.2; eqs. (5.25)-(5.26);"
./man/morie_panel_densities.Rd,52,STALE_OR_DEP,5.2.1,"Horowitz; Sec. 5.2.1-5.2.2; eqs. (5.25)-(5.26);"
./man/morie_panel_max_score.Rd,60,STALE_OR_DEP,4.4.2,"Horowitz; Sec. 4.4.2; eqs. (4.37)-(4.40);"
./man/morie_percentile_modified_rank.Rd,6,STALE_OR_DEP,8.3.3,"(Gibbons Ch 8.3.3)}"
./man/morie_plrgrf.Rd,33,STALE_OR_DEP,6.1.1,"6.1.1 on local centering."
./man/morie_polya_tree_density.Rd,34,STALE_OR_DEP,7.2.3,"posterior mean density in closed form (Sec. 3.7; 7.2.3)."
./man/morie_polya_tree_density.Rd,49,STALE_OR_DEP,7.2.3,"Ghosal and van der Vaart; Sec. 3.7 and 7.2.3."
./man/morie_polya_tree_mixture.Rd,31,STALE_OR_DEP,3.7.2,"\eqn{f \sim \int PT(\alpha; \pi) dH(\alpha; \pi)} (Sec. 3.7.2): a"
./man/morie_polya_tree_mixture.Rd,46,STALE_OR_DEP,3.7.2,"Ghosal and van der Vaart; Sec. 3.7.2."
./man/morie_polya_tree_rate.Rd,25,STALE_OR_DEP,7.2.3,"\eqn{p_0} (Sec. 7.2.3). The prior \eqn{a_m = m^2} attains this for"
./man/morie_polya_tree_rate.Rd,34,STALE_OR_DEP,7.2.3,"Ghosal and van der Vaart; Sec. 7.2.3; Ch. 10."
./man/morie_rank_index.Rd,62,STALE_OR_DEP,2.5.5,"Horowitz; Sec. 2.5.5; Han (1987); Sherman (1993);"
./man/morie_rank_placements.Rd,5,STALE_OR_DEP,2.11.3,"\title{Rank placements of Y among X order statistics (Gibbons Ch 2.11.3)}"
./man/morie_respwt.Rd,29,STALE_OR_DEP,8.5.1,"2nd ed. Brooks/Cole; Sec. 8.5.1."
./man/morie_rnacov.Rd,28,STALE_OR_DEP,22.11.2079,"doi:10.1093/nar/22.11.2079."
./man/morie_rnacov_cheatsheet.Rd,19,STALE_OR_DEP,22.11.2079,"doi:10.1093/nar/22.11.2079."
./man/morie_rnacov_counts.Rd,24,STALE_OR_DEP,22.11.2079,"doi:10.1093/nar/22.11.2079."
./man/morie_rnacov_mi.Rd,25,STALE_OR_DEP,22.11.2079,"doi:10.1093/nar/22.11.2079."
./man/morie_rnacov_nussinov.Rd,23,STALE_OR_DEP,22.11.2079,"doi:10.1093/nar/22.11.2079."
./man/morie_rnacov_parse.Rd,22,STALE_OR_DEP,22.11.2079,"doi:10.1093/nar/22.11.2079."
./man/morie_runs_pmf.Rd,23,STALE_OR_DEP,3.2.1,"Theorem 3.2.1 / Corollary / Theorem 3.2.2: joint; marginal and"
./man/morie_runs_pmf.Rd,23,STALE_OR_DEP,3.2.1,"Theorem 3.2.1 / Corollary / Theorem 3.2.2: joint; marginal and"
./man/morie_runs_pmf.Rd,32,STALE_OR_DEP,3.2.1,"Statistical Inference; 5th ed.; Theorems 3.2.1-3.2.2;"
./man/morie_runs_pmf.Rd,32,STALE_OR_DEP,3.2.1,"Statistical Inference; 5th ed.; Theorems 3.2.1-3.2.2;"
./man/morie_runs_pmf.Rd,33,STALE_OR_DEP,3.2.6,"eqs. (3.2.6); (3.2.8)."
./man/morie_runs_pmf.Rd,33,STALE_OR_DEP,3.2.6,"eqs. (3.2.6); (3.2.8)."
./man/morie_sacrb_bleu.Rd,35,STALE_OR_DEP,2.2.2,"Sec. 2.1 (modified n-gram precision with clipping); Sec. 2.2.2 (the"
./man/morie_sample_pacf.Rd,30,STALE_OR_DEP,3.2.6,"Box; G. E. P. & Jenkins; G. M. (1976); sec. 3.2.6;"
./man/morie_secaead_aead_decrypt.Rd,27,STALE_OR_DEP,2.8.2,"2.6; 2.8; 2.8.2."
./man/morie_secaead_aead_encrypt.Rd,29,STALE_OR_DEP,2.8.2,"2.6; 2.8; 2.8.2."
./man/morie_secaead_chacha20.Rd,26,STALE_OR_DEP,2.8.2,"2.6; 2.8; 2.8.2."
./man/morie_secaead_chacha20_block.Rd,26,STALE_OR_DEP,2.8.2,"2.6; 2.8; 2.8.2."
./man/morie_secaead_cheatsheet.Rd,20,STALE_OR_DEP,2.8.2,"2.6; 2.8; 2.8.2."
./man/morie_secaead_poly1305_key_gen.Rd,24,STALE_OR_DEP,2.8.2,"2.6; 2.8; 2.8.2."
./man/morie_secaead_poly1305_mac.Rd,24,STALE_OR_DEP,2.8.2,"2.6; 2.8; 2.8.2."
./man/morie_sgt_closeness_centrality.Rd,5,STALE_OR_DEP,5.3.2,"\title{Closeness centrality (Wasserman & Faust Ch 5.3.2; sgtclo)}"
./man/morie_sieve_iv.Rd,34,STALE_OR_DEP,5.4.2,"Horowitz; Ch. 5; Sec. 5.4.2."
./man/morie_sign_test_power.Rd,5,STALE_OR_DEP,5.4.4,"\title{Power function of the two-sided sign test (Gibbons Ch 5.4.4)}"
./man/morie_siu_parse_report.Rd,19,STALE_OR_DEP,0.3.5,"package; \pkg{rmoriebricklayer} (>= 0.3.5): the sixteen panel-reviewed"
./man/morie_smoothed_fU.Rd,47,STALE_OR_DEP,5.2.1,"Horowitz; Sec. 5.2.1; eq. (5.26)."
./man/morie_sms_rate.Rd,38,STALE_OR_DEP,4.3.3,"Horowitz; Sec. 4.3.3 and Theorem 4.8; Horowitz (1992)."
./man/morie_snmcox.Rd,39,STALE_OR_DEP,79.2.321,"321-334; doi:10.1093/biomet/79.2.321."
./man/morie_snmcox_blip_down.Rd,24,STALE_OR_DEP,79.2.321,"321-334; doi:10.1093/biomet/79.2.321."
./man/morie_snmcox_cheatsheet.Rd,19,STALE_OR_DEP,79.2.321,"321-334; doi:10.1093/biomet/79.2.321."
./man/morie_snmcox_gest_score.Rd,29,STALE_OR_DEP,79.2.321,"321-334; doi:10.1093/biomet/79.2.321."
./man/morie_svycox.Rd,30,STALE_OR_DEP,79.1.139,"doi:10.1093/biomet/79.1.139. The weighted estimating equation above;"
./man/morie_terry_hoeffding_test.Rd,6,STALE_OR_DEP,8.3.1,"(Gibbons Ch 8.3.1)}"
./man/morie_tikhonov_iv.Rd,36,STALE_OR_DEP,5.3.1,"Horowitz; Ch. 5; Sec. 5.3.1 and 5.4.1."
./man/morie_tikhonov_iv.Rd,36,STALE_OR_DEP,5.3.1,"Horowitz; Ch. 5; Sec. 5.3.1 and 5.4.1."
./man/morie_tolerance_beta.Rd,25,STALE_OR_DEP,2.11.1,"Theorem 2.11.1 (PDF-verified): coverage of the order-statistic"
./man/morie_tolerance_beta.Rd,36,STALE_OR_DEP,2.11.1,"Gibbons & Chakraborti (2021); Theorem 2.11.1."
./man/morie_transform_T_F.Rd,70,STALE_OR_DEP,6.3.1,"Horowitz; Sec. 6.3.1; eqs. (6.57)-(6.66);"
./man/morie_transform_asymptotics.Rd,49,STALE_OR_DEP,6.3.2,"Horowitz; Sec. 6.3.2; HT1-HT9; Theorems 6.4-6.5."
./man/morie_transform_prediction.Rd,51,STALE_OR_DEP,6.3.2,"accuracy over the WHOLE support of Y; and Sec. 6.3.2 only delivers"
./man/morie_trimmed_mean.Rd,31,STALE_OR_DEP,2.4.5,"Winsorized values (Wilcox sec. 2.4.5)."
./man/morie_trupek.Rd,26,STALE_OR_DEP,6.1.1,"Algorithm 6.1.1 (BTR); Section 6.3 (Cauchy point); Section 7.3"
./man/morie_trupek.Rd,27,STALE_OR_DEP,7.5.1,"(exact subproblem); Algorithm 7.5.1 (Steihaug-Toint)."
./man/morie_trupek_trust_region.Rd,39,STALE_OR_DEP,6.1.1,"Algorithm 6.1.1 (BTR); Section 6.3 (Cauchy point); Section 7.3"
./man/morie_trupek_trust_region.Rd,40,STALE_OR_DEP,7.5.1,"(exact subproblem); Algorithm 7.5.1 (Steihaug-Toint)."
./man/morie_two_sample_coverage.Rd,5,STALE_OR_DEP,2.11.2,"\title{Two-sample placement coverage (Gibbons Ch 2.11.2)}"
./man/morie_two_step_additive.Rd,71,STALE_OR_DEP,3.1.3,"Horowitz; Sec. 3.1.3; eqs. (3.15)-(3.18);"
./man/morie_van_der_waerden_test.Rd,6,STALE_OR_DEP,8.3.2,"(Gibbons Ch 8.3.2)}"
./man/morie_variogram_composite_likelihood.Rd,54,STALE_OR_DEP,4.5.3,"Schabenberger O; Gotway CA (2005); Sec 4.5.3; eq (4.43)"
./man/morie_varqc1.Rd,44,STALE_OR_DEP,11.10.1,"Bioinformatics 43; 11.10.1-11.10.33."
./man/morie_varqc1.Rd,44,STALE_OR_DEP,11.10.1,"Bioinformatics 43; 11.10.1-11.10.33."
./man/morie_varqc1_cheatsheet.Rd,24,STALE_OR_DEP,11.10.1,"Bioinformatics 43; 11.10.1-11.10.33."
./man/morie_varqc1_cheatsheet.Rd,24,STALE_OR_DEP,11.10.1,"Bioinformatics 43; 11.10.1-11.10.33."
./man/morie_varqc1_hard.Rd,29,STALE_OR_DEP,11.10.1,"Bioinformatics 43; 11.10.1-11.10.33."
./man/morie_varqc1_hard.Rd,29,STALE_OR_DEP,11.10.1,"Bioinformatics 43; 11.10.1-11.10.33."
./man/morie_varqc1_logpdf.Rd,30,STALE_OR_DEP,11.10.1,"Bioinformatics 43; 11.10.1-11.10.33."
./man/morie_varqc1_logpdf.Rd,30,STALE_OR_DEP,11.10.1,"Bioinformatics 43; 11.10.1-11.10.33."
./man/morie_varqc1_mixture.Rd,35,STALE_OR_DEP,11.10.1,"Bioinformatics 43; 11.10.1-11.10.33."
./man/morie_varqc1_mixture.Rd,35,STALE_OR_DEP,11.10.1,"Bioinformatics 43; 11.10.1-11.10.33."
./man/morie_wilcoxon_power.Rd,6,STALE_OR_DEP,5.7.3,"(Gibbons Ch 5.7.3)}"
./man/morie_wsm_kde.Rd,41,STALE_OR_DEP,3.4.2,"Sec. 3.4.2 Eqs. (3.28)-(3.31); Rosenblatt (1956); Parzen (1962)."
./man/morie_wsm_mle.Rd,48,STALE_OR_DEP,2.2.6,"Sec. 2.2.6; Fisher (1922)."
./man/morie_wsm_plug_in.Rd,46,STALE_OR_DEP,2.2.4,"Sec. 2.2.4; Ch. 10 for the bootstrap; von Mises (1947)."
./man/ngcf_cheatsheet.Rd,25,STALE_OR_DEP,2.2.1,"potential recommendations). Sec. 2.2.1 (message construction eq. (3)"
./man/ngcf_laplacian_coefficient.Rd,29,STALE_OR_DEP,2.2.1,"potential recommendations). Sec. 2.2.1 (message construction eq. (3)"
./man/ngcf_message.Rd,33,STALE_OR_DEP,2.2.1,"potential recommendations). Sec. 2.2.1 (message construction eq. (3)"
./man/ngcf_propagate.Rd,33,STALE_OR_DEP,2.2.1,"potential recommendations). Sec. 2.2.1 (message construction eq. (3)"
./man/ngcf_score.Rd,30,STALE_OR_DEP,2.2.1,"potential recommendations). Sec. 2.2.1 (message construction eq. (3)"
./man/ngcf_stack_layers.Rd,32,STALE_OR_DEP,2.2.1,"potential recommendations). Sec. 2.2.1 (message construction eq. (3)"
./man/normality_suite.Rd,16,STALE_OR_DEP,0.9.6,"Internal Shapiro-Wilk and Jarque-Bera helpers were removed in v0.9.6;"
./man/residual_forest.Rd,32,STALE_OR_DEP,6.1.1,"6.1.1 on local centering."
./man/rgadp.Rd,38,STALE_OR_DEP,3.10.2,"Biomedical Signal Analysis; 3rd ed. Wiley-IEEE Press. Sec 3.10.2 The"
./man/rgemg.Rd,32,STALE_OR_DEP,5.6.1,"Analysis; 3rd ed. Wiley-IEEE Press. Sec 5.6.1 The RMS value;"
./man/rgemgf.Rd,20,STALE_OR_DEP,5.6.3,"\item{turn_threshold}{significant-turn threshold of Section 5.6.3.}"
./man/rgemgf.Rd,53,STALE_OR_DEP,5.6.1,"already own Sections 5.6.1 and 5.6.3 and are called."
./man/rgemgf.Rd,53,STALE_OR_DEP,5.6.1,"already own Sections 5.6.1 and 5.6.3 and are called."
./man/rgemgfd.Rd,15,STALE_OR_DEP,5.13.4,"each level; as Section 5.13.4 describes.}"
./man/rgemgfd.Rd,27,STALE_OR_DEP,5.13.2,"Press; 2024; Section 5.13.2 Fractal dimension; Higuchi's method; p. 304;"
./man/rgemgfd.Rd,28,STALE_OR_DEP,5.13.4,"equations (5.39)-(5.41); and Section 5.13.4 Fractal analysis of EMG"
./man/rgemgfd.Rd,45,STALE_OR_DEP,5.13.4,"Section 5.13.4; p. 305: Segments of duration 1 s were cut for each level of"
./man/rghfd.Rd,6,STALE_OR_DEP,5.13.2,"\title{Higuchi fractal dimension -- Rangayyan Sec. 5.13.2; eqs (5.39)-(5.41); p.304}"
./man/rghfd.Rd,28,STALE_OR_DEP,5.13.2,"Higuchi (1988); Physica D 31:277. Rangayyan Sec. 5.13.2; eqs (5.39)-(5.41); p.304."
./man/rgiir.Rd,6,STALE_OR_DEP,3.7.1,"\title{Butterworth IIR filter -- Rangayyan & Krishnan Sec 3.7.1 / 3.7.2}"
./man/rgiir.Rd,6,STALE_OR_DEP,3.7.1,"\title{Butterworth IIR filter -- Rangayyan & Krishnan Sec 3.7.1 / 3.7.2}"
./man/rgiir.Rd,63,STALE_OR_DEP,3.7.1,"Analysis; 3rd ed. Wiley-IEEE Press. Sec 3.7.1 Removal of high-frequency"
./man/rgiir.Rd,64,STALE_OR_DEP,3.7.2,"noise: Butterworth lowpass filters; p.154; Sec 3.7.2 (highpass); p.161."
./man/rgkneejt.Rd,26,STALE_OR_DEP,7.7.3,"Press; 2024; Section 7.7.3 Modeling sound generation in knee joints;"
./man/rgkneejt.Rd,41,STALE_OR_DEP,7.7.3,"Section 7.7.3 is entirely descriptive: the book prints no equation for this"
./man/rgvmg.Rd,24,STALE_OR_DEP,1.2.15,"Press; 2024.  Section 1.2.15 The vibromyogram (VMG); p. 52: The VMG is"
./man/rgvmg.Rd,27,STALE_OR_DEP,2.2.6,"shown to vary in direct proportion to the contraction level.  Section 2.2.6"
./man/sarla.Rd,31,STALE_OR_DEP,6.2.2.1,"Anselin (1988); Schabenberger & Gotway (2005); Ch 6; Sec 6.2.2.1."
./man/sarre.Rd,32,STALE_OR_DEP,6.2.2.1,"Anselin (1988); Schabenberger & Gotway (2005); Ch 6; Sec 6.2.2.1."
./man/sdpwts_barrier.Rd,24,STALE_OR_DEP,4.6.2,"University Press; doi:10.1017/CBO9780511804441. Sec. 4.6.2 (the"
./man/sdpwts_central_path_gap.Rd,23,STALE_OR_DEP,4.6.2,"University Press; doi:10.1017/CBO9780511804441. Sec. 4.6.2 (the"
./man/sdpwts_cheatsheet.Rd,19,STALE_OR_DEP,4.6.2,"University Press; doi:10.1017/CBO9780511804441. Sec. 4.6.2 (the"
./man/sdpwts_is_psd.Rd,23,STALE_OR_DEP,4.6.2,"University Press; doi:10.1017/CBO9780511804441. Sec. 4.6.2 (the"
./man/sdpwts_lmi.Rd,24,STALE_OR_DEP,4.6.2,"University Press; doi:10.1017/CBO9780511804441. Sec. 4.6.2 (the"
./man/sdpwts_min_eigenvalue_sdp.Rd,25,STALE_OR_DEP,4.6.2,"University Press; doi:10.1017/CBO9780511804441. Sec. 4.6.2 (the"
./man/sdpwts_solve_sdp.Rd,29,STALE_OR_DEP,4.6.2,"University Press; doi:10.1017/CBO9780511804441. Sec. 4.6.2 (the"
./man/sgcar.Rd,50,STALE_OR_DEP,6.2.2.2,"Schabenberger & Gotway (2005); Sec 6.2.2.2; eqs"
./man/spanis.Rd,40,STALE_OR_DEP,4.3.7,"Schabenberger & Gotway (2005); Sec 4.3.7; p. 151."
./man/spbesf.Rd,29,STALE_OR_DEP,4.9.2,"Schabenberger & Gotway (2005); Sec 4.9.2; eq (4.73); p. 210."
./man/spbino.Rd,27,STALE_OR_DEP,3.2.3,"(Sec 3.2.3; process equivalence)."
./man/spbino.Rd,33,STALE_OR_DEP,3.2.1,"Schabenberger & Gotway (2005); Sec 3.2.1."
./man/spbym.Rd,60,STALE_OR_DEP,6.4.3.2,"43(1):1-59; Sec. 4; eqs (4.2)-(4.6); Schabenberger Ch 6; Sec 6.4.3.2"
./man/spcar.Rd,39,STALE_OR_DEP,6.2.2.2,"Schabenberger & Gotway (2005); Sec 6.2.2.2; eqs"
./man/spconv.Rd,38,STALE_OR_DEP,2.4.2,"Schabenberger & Gotway (2005); Sec 2.4.2; the boxcar case"
./man/spconv.Rd,39,STALE_OR_DEP,4.3.3,"reappears at Sec 4.3.3; p. 146."
./man/spcovf.Rd,41,STALE_OR_DEP,1.4.2,"Schabenberger & Gotway (2005); Secs 1.4.2; 2.4."
./man/spexp.Rd,33,STALE_OR_DEP,4.3.2,"Schabenberger & Gotway (2005); Sec 4.3.2; eq (4.11); p. 144."
./man/spffun.Rd,35,STALE_OR_DEP,3.3.4,"Schabenberger & Gotway (2005); Sec 3.3.4; pp. 97-98."
./man/spgaus.Rd,33,STALE_OR_DEP,4.3.2,"Schabenberger & Gotway (2005); Sec 4.3.2; eq (4.10); p. 143."
./man/spgfun.Rd,30,STALE_OR_DEP,3.3.4,"Schabenberger & Gotway (2005); Sec 3.3.4; pp. 97-98."
./man/spglmk.Rd,48,STALE_OR_DEP,6.3.6,"Schabenberger Ch 6; Sec 6.3.6; eqs (6.87)-(6.91)"
./man/spglmm.Rd,48,STALE_OR_DEP,6.3.4,"The trap this function makes visible is the one Sec. 6.3.4 spells out. In"
./man/spglmm.Rd,61,STALE_OR_DEP,6.3.4,"Schabenberger Ch 6; Sec 6.3.4; eqs (6.73)-(6.74); Example 6.6"
./man/spgls.Rd,42,STALE_OR_DEP,6.2.3,"Schabenberger & Gotway (2005); Sec 6.2.3 Generalized"
./man/spgwr.Rd,36,STALE_OR_DEP,6.1.3,"Schabenberger & Gotway (2005); Sec 6.1.3 Spatially"
./man/spgwrb.Rd,55,STALE_OR_DEP,9.4.3,"(2013; Sec. 9.4.3) describe as the usual choice.}"
./man/spgwrb.Rd,61,STALE_OR_DEP,6.1.3.1,"matrix of Sec. 6.1.3.1; p. 317.}"
./man/spgwrb.Rd,89,STALE_OR_DEP,6.1.3.1,"Schabenberger Ch 6; Sec 6.1.3.1; pp. 316-317 -- the model; the"
./man/spgwrb.Rd,92,STALE_OR_DEP,9.4.3,"Pebesma & Gomez-Rubio (2013); Sec 9.4.3; p. 318. Hurvich; Simonoff & Tsai"
./man/spgwrk.Rd,29,STALE_OR_DEP,5.3.2,"\item{normalized}{Logical; return Sec. 5.3.2's density form. Gaussian only.}"
./man/spgwrk.Rd,40,STALE_OR_DEP,6.1.3.1,"from s0 (Sec. 6.1.3.1; p. 317) and refer the reader to the kernels of"
./man/spgwrk.Rd,41,STALE_OR_DEP,5.3.2,"Sec. 5.3.2 and to Fotheringham et al. (2002); the four kernels named here"
./man/spgwrk.Rd,57,STALE_OR_DEP,5.3.2,"Sec. 5.3.2 writes its Gaussian as a probability density;"
./man/spgwrk.Rd,69,STALE_OR_DEP,5.3.2,"Schabenberger Ch 5; Sec 5.3.2; pp. 240-241; and Ch 6;"
./man/spgwrk.Rd,70,STALE_OR_DEP,6.1.3.1,"Sec 6.1.3.1; p. 317. Cleveland; W. S. (1979); JASA 74:829-836; for the"
./man/spicar.Rd,32,STALE_OR_DEP,6.4.3,"Schabenberger & Gotway (2005); Sec 6.4.3 Selected"
./man/spiso.Rd,31,STALE_OR_DEP,4.3.7,"correction of Sec 4.3.7."
./man/spiso.Rd,44,STALE_OR_DEP,4.3.7,"Schabenberger & Gotway (2005); Sec 2.2; correction Sec 4.3.7."
./man/spkcrs.Rd,66,STALE_OR_DEP,3.4.4,"Schabenberger Ch 3; Sec 3.4.4; eqs (3.9)-(3.10); pp. 103-105."
./man/spkfun.Rd,43,STALE_OR_DEP,3.4.1,"Schabenberger & Gotway (2005); Secs 3.4.1-3.4.2;"
./man/spkfun.Rd,43,STALE_OR_DEP,3.4.1,"Schabenberger & Gotway (2005); Secs 3.4.1-3.4.2;"
./man/splfun.Rd,40,STALE_OR_DEP,3.4.2,"Schabenberger & Gotway (2005); Sec 3.4.2; p. 103."
./man/splgk.Rd,43,STALE_OR_DEP,5.6.1,"Schabenberger Ch 5; Sec 5.6.1"
./man/spmatr.Rd,40,STALE_OR_DEP,4.3.2,"Schabenberger & Gotway (2005); Sec 4.3.2; eq (4.9); p. 143."
./man/spmenv.Rd,39,STALE_OR_DEP,1.3.2,"Schabenberger Ch 1; Sec 1.3.2; eqs (1.14)-(1.15); pp. 21-23;"
./man/spmidw.Rd,24,STALE_OR_DEP,8.3.1,"Bivand; Pebesma and Gomez-Rubio (2013); Sec. 8.3.1 -- NOT a Schabenberger"
./man/spmidw.Rd,54,STALE_OR_DEP,8.3.1,"Applied Spatial Data Analysis with R; 2nd ed.; Springer; Sec. 8.3.1."
./man/spmsim.Rd,49,STALE_OR_DEP,2.3.3.2,"Fotheringham; Oshan & Li (2024) Sec. 2.3.3.2 states that comparing the"
./man/spmsim.Rd,112,STALE_OR_DEP,2.3.2,"Practice; 1st ed.; CRC Press; doi:10.1201/9781003435464 -- Sec. 2.3.2"
./man/spmsim.Rd,113,STALE_OR_DEP,2.3.3.2,"eqs (2.38)-(2.39) restate the SOC; Sec. 2.3.3.2 and Sec. 6.3 require"
./man/spmsim.Rd,116,STALE_OR_DEP,6.1.3.1,"implementation. Schabenberger Ch 6; Sec 6.1.3.1; pp. 316-317; for the"
./man/spmwst.Rd,68,STALE_OR_DEP,8.3.1,"Schabenberger Ch 8; Sec 8.3.1; pp. 425-426. Haas (1990);"
./man/spnest.Rd,31,STALE_OR_DEP,4.3.6,"Schabenberger & Gotway (2005); Sec 4.3.6; eqs (4.22)-(4.23); p. 150."
./man/spnscl.Rd,45,STALE_OR_DEP,3.7.2,"Schabenberger & Gotway (2005); Sec 3.7.2; pp. 126-128."
./man/spnsr.Rd,43,STALE_OR_DEP,5.2.3,"Schabenberger & Gotway (2005); Sec 5.2.3; p. 228."
./man/spnst.Rd,52,STALE_OR_DEP,8.2.1,"Sec. 8.2.1 states that \eqn{\theta_1 > 0} and"
./man/spnst.Rd,61,STALE_OR_DEP,8.2.1,"heteroscedastic form that does not appear in Sec. 8.2.1."
./man/spnst.Rd,68,STALE_OR_DEP,8.2.1,"Schabenberger Ch 8; Sec 8.2.1; eq (8.1); pp. 422-423."
./man/spnug.Rd,33,STALE_OR_DEP,4.3.6,"Schabenberger & Gotway (2005); Sec 4.3.6; p. 150."
./man/spols.Rd,34,STALE_OR_DEP,4.5.1,"Schabenberger Ch 4; Sec 4.5.1"
./man/spperiod.Rd,50,STALE_OR_DEP,4.7.1,"Schabenberger Ch 4; Sec 4.7.1; eqs (4.56)-(4.59); pp. 190-192"
./man/sppois.Rd,22,STALE_OR_DEP,3.2.2,"Two defining properties (Sec 3.2.2): N(A) ~ Poisson(lambda nu(A)) for"
./man/sppois.Rd,25,STALE_OR_DEP,3.2.1,"which is exactly the binomial process of Sec 3.2.1 and is how an HPP"
./man/sppois.Rd,32,STALE_OR_DEP,3.2.2,"Schabenberger & Gotway (2005); Sec 3.2.2."
./man/sppow.Rd,30,STALE_OR_DEP,4.3.5,"Schabenberger & Gotway (2005); Sec 4.3.5; eq (4.21); p. 149."
./man/sppql.Rd,70,STALE_OR_DEP,6.3.5,"Schabenberger Ch 6; Sec 6.3.5; eqs (6.78)-(6.85)"
./man/spreml.Rd,24,STALE_OR_DEP,4.5.2,"Follows Sec. 4.5.2 and Sec. 5.5.3. The matrix of error contrasts K is"
./man/spreml.Rd,24,STALE_OR_DEP,4.5.2,"Follows Sec. 4.5.2 and Sec. 5.5.3. The matrix of error contrasts K is"
./man/spreml.Rd,29,STALE_OR_DEP,5.5.2,"Sec. 5.5.2 names the optimiser (Newton-Raphson; Quasi-Newton; or some"
./man/spreml.Rd,40,STALE_OR_DEP,4.5.2,"K is not unique. Sec. 4.5.2 writes it explicitly for the intercept-only"
./man/spreml.Rd,54,STALE_OR_DEP,4.5.2,"Schabenberger Ch 4; Sec 4.5.2"
./man/spsar.Rd,31,STALE_OR_DEP,6.2.2.1,"Schabenberger & Gotway (2005); Sec 6.2.2.1"
./man/spsemv.Rd,31,STALE_OR_DEP,1.4.3,"Schabenberger & Gotway (2005); Sec 1.4.3 / Ch 4."
./man/spskrg.Rd,41,STALE_OR_DEP,5.2.1,"Schabenberger & Gotway (2005); Sec 5.2.1; eqs (5.10)-(5.11);"
./man/spsph.Rd,33,STALE_OR_DEP,4.3.3,"Schabenberger & Gotway (2005); Sec 4.3.3; eqs (4.13); (4.15); pp. 146-147."
./man/spssoc.Rd,26,STALE_OR_DEP,1.4.2,"Schabenberger & Gotway (2005); Sec 1.4.2 / Ch 2."
./man/spstcn.Rd,40,STALE_OR_DEP,9.3.1,"\code{monotone} -- Gneiting (2002); Sec. 9.3.1; eqs (9.7)-(9.9)."
./man/spstcn.Rd,54,STALE_OR_DEP,6.2.3,"correction of Sec. 6.2.3."
./man/spstcn.Rd,73,STALE_OR_DEP,9.3.2,"The Cressie and Huang (1999) spectral route of Sec. 9.3.2 is deliberately"
./man/spstp.Rd,52,STALE_OR_DEP,9.5.3,"\eqn{D}. Sec. 9.5.3 gives the consistency checks: under first-order"
./man/spstp.Rd,68,STALE_OR_DEP,9.5.3,"\eqn{D \times T} by the analogy Sec. 9.5.3 itself draws. The index is"
./man/spstp.Rd,72,STALE_OR_DEP,9.5.1,"\code{process_type} records which of the Sec. 9.5.1 types the data are taken to"
./man/sptag.Rd,6,STALE_OR_DEP,3.2.2,"\title{Pairwise vote-agreement matrix (Armstrong sec. 3.2.2; p.88)}"
./man/sptag.Rd,20,STALE_OR_DEP,3.2.2,"Pairwise vote-agreement matrix (Armstrong sec. 3.2.2; p.88)"
./man/sptag.Rd,23,STALE_OR_DEP,3.2.2,"Verified against the Armstrong PDF: section 3.2.2 90th US Senate"
./man/sptgk.Rd,39,STALE_OR_DEP,5.6.2,"Schabenberger Ch 5; Sec 5.6.2"
./man/spthom.Rd,40,STALE_OR_DEP,3.7.2,"Schabenberger & Gotway (2005) Sec 3.7.2; pp. 126-128; which does not"
./man/spwkth.Rd,40,STALE_OR_DEP,2.5.3,"Schabenberger & Gotway (2005); Sec 2.5.3; eq (2.27); pp. 66-68."
./man/spwls.Rd,43,STALE_OR_DEP,4.5.1,"Schabenberger Ch 4; Sec 4.5.1"
./man/tmle_cdrs.Rd,36,STALE_OR_DEP,10.1.1,"Examples 10.2 and 10.3; Sec. 10.1.1)."
./src/morie_crypto_sym.cpp,162,STALE_OR_DEP,1.0.20,"// libsodium's crypto_kdf_hkdf_sha256_* arrived in v1.0.20. Fall back"
./src/morie_fast.cpp,3,STALE_OR_DEP,0.9.1,"// Since v0.9.1 these functions are thin Rcpp adapters over the shared"
./src/morie_hawkes.cpp,59,STALE_OR_DEP,0.9.5.6,"// v0.9.5.6+: scipy.stats.lomax convention."
./src/morie_hawkes.cpp,87,STALE_OR_DEP,0.9.5.6,"// v0.9.5.6+: scipy convention 1 - (c/(u+c))^alpha (was: alpha-1)."
./src/morie_http.cpp,23,CURRENT,1.1.7,"morie-R/1.1.7 (+https://github.com/rootcoder007/morie)"
./src/morie_spatial.cpp,273,STALE_OR_DEP,0.9.5.6,"// v0.9.5.6+: Kruskal stress-1 normalises by sum(D^2); not sum(d_model^2)."
./src/siu_parser.cpp,21,STALE_OR_DEP,1.0.0,"#define MORIE_SIU_PARSER_VERSION 1.0.0"
./src/siu_parser.cpp,38,STALE_OR_DEP,1.0.2,"morie/1.0.2 (+https://github.com/rootcoder007/morie);"
./tests/testthat/helper-network.R,6,STALE_OR_DEP,8.8.8.8,"skip_if_no_network <- function(host = 8.8.8.8; port = 53; timeout = 2) {"
./tests/testthat/test-aaa_exec_guard.R,40,STALE_OR_DEP,1.1.1,"expect_true(.morie_valid_git_ref(release/v1.1.1))"
./tests/testthat/test-blasf-det-seed.R,3,STALE_OR_DEP,0.4.0,"# Verifies that the `deterministic_seed` argument added in morie v0.4.0:"
./tests/testthat/test-bysid-det-seed.R,4,STALE_OR_DEP,0.4.0,"# Verifies that the `deterministic_seed` argument added in morie v0.4.0:"
./tests/testthat/test-core-parity.R,1,STALE_OR_DEP,0.9.1,"# test-core-parity.R -- v0.9.1 Phase 3."
./tests/testthat/test-cov-database.R,11,STALE_OR_DEP,0.9.5,"# CRAN Policy compliance (v0.9.5): override via MORIE_CACHE_DIR;"
./tests/testthat/test-cov-low-E.R,100,STALE_OR_DEP,0.9.5,"# v0.9.5 CRAN Policy fix: cache override env var is MORIE_CACHE_DIR."
./tests/testthat/test-cov-siu-parser.R,19,STALE_OR_DEP,0.9.4,"# reports unclassified in v0.9.4); see v0.9.5 NEWS."
./tests/testthat/test-cov-siu-parser.R,19,STALE_OR_DEP,0.9.4,"# reports unclassified in v0.9.4); see v0.9.5 NEWS."
./tests/testthat/test-cov-untested-exports.R,4,STALE_OR_DEP,0.9.5.5,"# pre-v0.9.5.5-release audit as having no direct test reference:"
./tests/testthat/test-cov-wave26.R,59,CURRENT,1.1.7,"# morie_fetch_tps() parses with the native JSON codec since 1.1.7; no jsonlite guard."
./tests/testthat/test-datasets-http-libcurl.R,29,STALE_OR_DEP,8.7.1,"# Loose shape check: libcurl version strings look like 8.7.1."
./tests/testthat/test-describe.R,5,STALE_OR_DEP,0.9.5.5,"# v0.9.5.5 to close the describe()-parity gap with the Python"
./tests/testthat/test-drpfw-det-seed.R,3,STALE_OR_DEP,0.4.0,"# Verifies that the `deterministic_seed` argument added in morie v0.4.0:"
./tests/testthat/test-fauzi-native.R,104,STALE_OR_DEP,5.3.2,"# Sec. 5.3.2 of the book: Azzalini recommended c n^{-1/3} for"
./tests/testthat/test-gbens-det-seed.R,3,STALE_OR_DEP,0.4.0,"# Verifies the `deterministic_seed` argument added in morie v0.4.0:"
./tests/testthat/test-geron-train-parity.R,1243,STALE_OR_DEP,0.9.9,"# morie 0.9.9 shadows the checkout otherwise) -- see gen_anchors.py."
./tests/testthat/test-ghbvm-det-seed.R,4,STALE_OR_DEP,0.4.0,"# Verifies that the `deterministic_seed` argument added in morie v0.4.0:"
./tests/testthat/test-ghdpm-det-seed.R,3,STALE_OR_DEP,0.4.0,"# Verifies that the `deterministic_seed` argument added in morie v0.4.0:"
./tests/testthat/test-ghhbp-det-seed.R,4,STALE_OR_DEP,0.4.0,"# Verifies that the `deterministic_seed` argument added in morie v0.4.0:"
./tests/testthat/test-ghstk-det-seed.R,4,STALE_OR_DEP,0.4.0,"# Verifies that the `deterministic_seed` argument added in morie v0.4.0:"
./tests/testthat/test-grucl-det-seed.R,3,STALE_OR_DEP,0.4.0,"# Verifies that the `deterministic_seed` argument added in morie v0.4.0:"
./tests/testthat/test-heinz-det-seed.R,3,STALE_OR_DEP,0.4.0,"# Verifies that the `deterministic_seed` argument added in morie v0.4.0:"
./tests/testthat/test-ingest-extra.R,20,STALE_OR_DEP,192.0.2.123,"portal = http://192.0.2.123;"
./tests/testthat/test-ingest-extra.R,30,STALE_OR_DEP,192.0.2.123,"portal = http://192.0.2.123;"
./tests/testthat/test-ingest-extra.R,40,STALE_OR_DEP,192.0.2.123,"portal = http://192.0.2.123;"
./tests/testthat/test-ingest_chicago.R,50,STALE_OR_DEP,127.0.0.1,"rmorie:::.morie_chicago_socrata_get(http://127.0.0.1:1/x; limit = 1L; timeout = 1);"
./tests/testthat/test-ingest_cihi.R,51,STALE_OR_DEP,127.0.0.1,"morie_ingest_cihi_xlsx(http://127.0.0.1:1/x.xlsx; timeout = 1);"
./tests/testthat/test-ingest_forensics.R,124,STALE_OR_DEP,127.0.0.1,"rmorie:::.morie_forensics_get_json(http://127.0.0.1:1/path;"
./tests/testthat/test-ingest_statcan.R,81,STALE_OR_DEP,127.0.0.1,"morie_ingest_statcan_csv(http://127.0.0.1:1/x.zip; timeout = 1);"
./tests/testthat/test-ingest_tps.R,55,STALE_OR_DEP,127.0.0.1,"rmorie:::.morie_tps_arcgis_query(http://127.0.0.1:1/layer; timeout = 1);"
./tests/testthat/test-ksr07-det-seed.R,4,STALE_OR_DEP,0.4.0,"# Verifies that the `deterministic_seed` argument added in morie v0.4.0:"
./tests/testthat/test-ksr08-det-seed.R,4,STALE_OR_DEP,0.4.0,"# Verifies that the `deterministic_seed` argument added in morie v0.4.0:"
./tests/testthat/test-llm.R,136,STALE_OR_DEP,127.0.0.1,"morie_llm_request_completion(http://127.0.0.1:1; m;"
./tests/testthat/test-llm.R,175,STALE_OR_DEP,127.0.0.1,"res <- morie_llm_ollama_models(base = http://127.0.0.1:1; timeout = 1)"
./tests/testthat/test-lstmc-det-seed.R,3,STALE_OR_DEP,0.4.0,"# Verifies that the `deterministic_seed` argument added in morie v0.4.0:"
./tests/testthat/test-mhatf-det-seed.R,3,STALE_OR_DEP,0.4.0,"# Verifies that the `deterministic_seed` argument added in morie v0.4.0:"
./tests/testthat/test-rangayyan-stat.R,38,STALE_OR_DEP,5.6.3,"test_that(TurnsCount implements Willison's rule (Section 5.6.3); {"
./tests/testthat/test-rfens-det-seed.R,3,STALE_OR_DEP,0.4.0,"# Verifies the `deterministic_seed` argument added in morie v0.4.0:"
./tests/testthat/test-rndsr-det-seed.R,3,STALE_OR_DEP,0.4.0,"# Verifies the `deterministic_seed` argument added in morie v0.4.0:"
./tests/testthat/test-schab-car.R,10,STALE_OR_DEP,6.2.2.2,"# Schabenberger & Gotway (2005); Sec 6.2.2.2; eqs (6.43)-(6.48)."
./tests/testthat/test-schab-disjunctive-idw.R,3,STALE_OR_DEP,5.6.4,"# spdjkr -- disjunctive kriging; Schabenberger Sec 5.6.4; eqs (5.64)-(5.72)"
./tests/testthat/test-schab-disjunctive-idw.R,4,STALE_OR_DEP,8.3.1,"# spmidw -- inverse distance weighting; Bivand et al. (2013) Sec 8.3.1"
./tests/testthat/test-schab-kriging.R,71,STALE_OR_DEP,5.2.3,"test_that(the sill is a pure variance factor (Sec 5.2.3); {"
./tests/testthat/test-schab-nonlinear-prediction.R,4,STALE_OR_DEP,5.6.1,"#   splgk  Sec 5.6.1; eq (5.54)          lognormal kriging"
./tests/testthat/test-schab-nonlinear-prediction.R,5,STALE_OR_DEP,5.6.2,"#   sptgk  Sec 5.6.2; eqs (5.58)-(5.60)  trans-Gaussian kriging"
./tests/testthat/test-schab-processes.R,3,STALE_OR_DEP,3.7.2,"# Schabenberger & Gotway (2005); Secs 3.2; 3.3; 3.7.2."
./tests/testthat/test-schab-simulation.R,4,STALE_OR_DEP,7.1.1,"#   Sec 7.1.1  Cholesky (LU) root"
./tests/testthat/test-schab-simulation.R,5,STALE_OR_DEP,7.1.2,"#   Sec 7.1.2  spectral decomposition root"
./tests/testthat/test-schab-simulation.R,6,STALE_OR_DEP,7.2.2,"#   Sec 7.2.2  conditioning by kriging; eq (7.1)"
./tests/testthat/test-schab-simulation.R,33,STALE_OR_DEP,7.1.2,"# Sec 7.1.2: Sigma^(1/2) = P Delta^(1/2) P' is symmetric; so squaring it"
./tests/testthat/test-schab-simulation.R,64,STALE_OR_DEP,7.2.2,"# Sec 7.2.2 property (i): Zc(s0) = Z(s0) at the sampled locations; exactly."
./tests/testthat/test-schab-simulation.R,73,STALE_OR_DEP,7.2.2,"# Sec 7.2.2: E[(Zc(s) - Z(s))^2] = 2 sigma^2_sk. The expectation is over"
./tests/testthat/test-schab-spatial.R,11,STALE_OR_DEP,4.3.6,"test_that(the nugget is a discontinuity at the origin (Sec 4.3.6); {"
./tests/testthat/test-schab-variogram-fitting.R,3,STALE_OR_DEP,4.5.1,"# spols  -- OLS semivariogram fitting  (Schabenberger & Gotway 2005; Sec 4.5.1)"
./tests/testthat/test-schab-variogram-fitting.R,4,STALE_OR_DEP,4.5.1,"# spwls  -- Cressie WLS                (Sec 4.5.1; eq 4.34)"
./tests/testthat/test-schab-variogram-fitting.R,5,STALE_OR_DEP,4.5.2,"# spreml -- REML                       (Sec 4.5.2; eq 4.39)"
./tests/testthat/test-schab-variogram-fitting.R,124,STALE_OR_DEP,5.5.3,"# Harville (1977); quoted in Sec 5.5.3: admissible choices of K change the"
./tests/testthat/test-siu-bricklayer.R,9,STALE_OR_DEP,0.3.5,"rmoriebricklayer too old (< 0.3.5; no compiled SIU parser))"
./tests/testthat/test-siu-bricklayer.R,30,STALE_OR_DEP,0.3.5,"rmoriebricklayer too old (< 0.3.5))"
./tests/testthat/test-siu-deeper.R,24,STALE_OR_DEP,0.1.0,"parser_version = 0.1.0;"
./tests/testthat/test-siu.R,710,STALE_OR_DEP,127.0.0.1,"OLLAMA_HOST = http://127.0.0.1:1"
./tests/testthat/test-siu_fetch.R,255,STALE_OR_DEP,192.0.2.0,"# 192.0.2.0/24 is TEST-NET-1 -- reserved for documentation; will not"
./tests/testthat/test-siu_fetch.R,259,STALE_OR_DEP,192.0.2.123,"http://192.0.2.123/never-routes; timeout_s = 2L);"
./tests/testthat/test-smallstats-native-c.R,101,STALE_OR_DEP,1.1.1,"\2020\;\Canada\;\2016A000011124\;\1.1.1\;42.5;"
./tests/testthat/test-smallstats-native-c.R,102,STALE_OR_DEP,1.1.1,"\2021\;\Canada\;\2016A000011124\;\1.1.1\;43.1"
./tests/testthat/test-statistics.R,427,STALE_OR_DEP,4.6.1,"# Examples 4.6.1 and 4.7.1 use this exact 10-point sample and publish the"
./tests/testthat/test-statistics.R,427,STALE_OR_DEP,4.6.1,"# Examples 4.6.1 and 4.7.1 use this exact 10-point sample and publish the"
./tests/testthat/test-statistics.R,435,STALE_OR_DEP,4.6.1,"test_that(Lilliefors D reproduces Gibbons Example 4.6.1; {"
./tests/testthat/test-statistics.R,445,STALE_OR_DEP,4.7.1,"test_that(Anderson-Darling reproduces Gibbons Example 4.7.1; {"
./tests/testthat/test-statistics.R,450,STALE_OR_DEP,4.7.1,"# alpha = 0.10 point (1.062) of Table 4.7.1."
./tests/testthat/test-tps_hawkes_advanced.R,53,STALE_OR_DEP,0.9.5.6,"# v0.9.5.6+ scipy form: f(u) = alpha * c^alpha * (u + c)^{-(alpha+1)}"
./tests/testthat/test-tps_hawkes_advanced.R,92,STALE_OR_DEP,0.9.5.6,"# v0.9.5.6+ scipy form: F(u) = 1 - (c / (u + c))^alpha."
./tests/testthat/test-trfbl-det-seed.R,3,STALE_OR_DEP,0.4.0,"# Verifies that the `deterministic_seed` argument added in morie v0.4.0:"
./tests/testthat/test-tsnrd-det-seed.R,3,STALE_OR_DEP,0.4.0,"# Verifies the `deterministic_seed` argument added in morie v0.4.0:"
./tests/testthat/test-w501-changepoint.R,11,STALE_OR_DEP,4.6.1,"# R 4.6.1); cpt.meanvar pen 6 -> {5; 10}."
./tests/testthat/test-w501-changepoint.R,71,STALE_OR_DEP,4.6.1,"# (2026-08-09; R 4.6.1)."
./tests/testthat/test-xgbst-det-seed.R,3,STALE_OR_DEP,0.4.0,"# Verifies the `deterministic_seed` argument added in morie v0.4.0:"
./tools/fresh_install_stress.R,22,STALE_OR_DEP,0.9.5,"stopifnot(file.exists(morie_0.9.5.tar.gz))"
./tools/fresh_install_stress.R,36,STALE_OR_DEP,0.9.5,"cat([2/7] install.packages('morie_0.9.5.tar.gz'; dependencies = NA) ...\n)"
./tools/fresh_install_stress.R,38,STALE_OR_DEP,0.9.5,"pkgs = morie_0.9.5.tar.gz;"
./vignettes/disparity-audit.Rmd,16,STALE_OR_DEP,0.8.0,"morie 0.8.0 adds a **fairness & disparity-audit** subsystem. It does not"
./vignettes/mrm-empirical-callables.Rmd,107,STALE_OR_DEP,0.1.14,"`mrm_classify_mandela()` shipped in v0.1.14 and remains the canonical"
./vignettes/mrm-empirical-callables.Rmd,108,STALE_OR_DEP,0.2.0,"Mandela classifier in v0.2.0. It supports three operationalisations:"
./vignettes/siu-pipeline.Rmd,83,STALE_OR_DEP,0.9.5,"interleaving change in v0.9.5."
